pageName,postText,postDate,postLink
khobsanung,น้องนี้ก็น่ารัก,2024-11-21T14:56:02.000Z,https://www.facebook.com/100064520479802/posts/978153524345321
khobsanung,"หนังพี่จาแบบเดือดๆ กับโปสเตอร์ใหม่ StrikingRescue คนเดือดซัดนรก

ตัวหนังฉาย 5 ธันวาคมนี้",2024-11-21T11:55:55.000Z,https://www.facebook.com/100064520479802/posts/978040161023324
khobsanung,Saudi Pro League: Kickoff สารคดีอีกหนึ่งลีกสำคัญของโลก 6 EP. พร้อมพากย์ไทยดูได้แล้วทาง NETFLIX,2024-11-21T11:19:20.000Z,https://www.facebook.com/100064520479802/posts/978018851025455
DramaAdd,ค กูเพิ่งกดเต็มราคา,2024-11-21T14:39:29.000Z,https://www.facebook.com/100044828388736/posts/1097440278426908
DramaAdd,"นี่คือเครื่องมือที่ตำรวจ ยึดได้ในรถมิจฯ ที่ตระเวนส่ง ข้อความให้เหยื่อลงเชื่อ ว่า ""คะแนน 9,268 ของคุณ ใกล้หมดอายุแล้ว! รีบ แลกของขวัญเลย"" พร้อมกับแนบลิงก์ปลอมมาในข้อความดังกล่าว",2024-11-21T14:31:34.000Z,https://www.facebook.com/100044828388736/posts/1097435671760702
DramaAdd,"มิจฉาชีพครับอย่าหลงเชื่อ
https://www.facebook.com/share/RmYQJ3j76q4cggRF/?mibextid=LQQJ4d",2024-11-21T14:28:45.000Z,https://www.facebook.com/100044828388736/posts/1097433928427543
ejan2016,". Live #นอนไม่หลับคุยกับอีจัน กับ อ.เล็ก นักพูดเยียวยา หัวข้อ “โลกวิญญาณ ตอนที่ 13: การตายแล้วฟื้นของหลวงพ่อวัดท่าซุง""  21/11/67

#นอนไม่หลับคุยกับอีจัน
#นอนไมีหลับคุยกับครูเล็ก 
#นอนไม่หลับ",2024-11-21T14:59:22.000Z,https://www.facebook.com/100081883222566/posts/1783529985729670
ejan2016,"มาดูกัน ด่านนี้ จะผ่านไปยังไง ในงานแต่งของแม่? 

**********************************

#ใหม่ ขนมปังอิงลิชเบรด อร่อยได้สไตล์อังกฤษ กับ ""ขนมปังฟาร์มเฮ้าส์อิงลิชเบรด""
ขนมปังเนียนนุ่ม ทานคู่กับผลไม้ อร่อยลงตัวพร้อมรับวันใหม่สุด ๆ เลยค่าาา
.
#ใหม่ ขนมปังอิงลิชเบรด 
.
🏠 สามารถหาซื้อได้ที่  7-Eleven,Lotus’s, Big C, Makro, Tops, Jiffy, CJ Express, 
Lawson, Top daiy, ซุปเปอร์ชีป, Maxmart, เดอะมอลล์, อิออน, Foodland, Shell Select แ ละร้านค้าปลีกทั่วไป
#ขนมปังอิงลิชเบรด #ขนมปังฟาร์มเฮ้าส์",2024-11-21T14:45:45.000Z,https://www.facebook.com/100081883222566/posts/566165589456210
ejan2016,"#กุศลครั้งใหญ่ครั้งสุดท้าย
โนอาห์ เทวดาน้อย 1 ขวบ
ส่งต่ออวัยวะ ต่อลมหายใจผู้ป่วย

เพจเฟซุบ๊ก “สภากาชาดไทย Thai Red Cross Society” โพสต์ น้องโนอาห์ เด็กชายชายณฐพัชร์ เข็มเพ็ชร์ อายุ 1 ขวบ 11 เดือน เสียชีวิต โดยแพทย์ได้วินิจฉัยว่า น้องโนอาห์ มีภาวะ #สมองตาย ทางครอบครัวจึงได้ตัดสินใจ #บริจาคไต เพื่ออชีวิต ต่อลมหายใจให้กับผู้ป่วยรายอื่นๆ 

น้องโนอาห์ เทวดาตัวน้อย ขอกุศลแห่งผลบุญในครั้งนี้ ให้หนูไปสู่ภพภูมิที่ดีนะ
และ ขอแสดงความเสียใจกับครอบครัวน้องโนอาห์ด้วยค่ะ",2024-11-21T14:15:56.000Z,https://www.facebook.com/100081883222566/posts/566147422791360
newsth.18,"เป็นแฟนกันแล้ว?
‘เก๋ไก๋’ นางเอกสาวกับหนุ่มสายฝอ ทะเลหวานมากแม่
.
อ่านต่อใต้คอมเมนต์👇",2024-11-21T12:24:55.000Z,https://www.facebook.com/100063738901281/posts/1144166044384682
newsth.18,"มีหวังมั้ย ! แม่ปุ้ย ปิยาภรณ์ ตอบแล้ว หลังแฟนคลับจับตาสัมพันธ์ โอปอล-อินดี้- ภาพ
.
อ่านต่อใต้คอมเมนต์👇",2024-11-21T08:55:37.000Z,https://www.facebook.com/100063738901281/posts/1144036231064330
newsth.18,"ฮือฮา ! เท่ง เถิดเทิง เดินบิณฑบาต ก่อนรู้ออกบวชจริง พร้อมสาเหตุ- ภาพ
.
อ่านต่อใต้คอมเมนต์👇",2024-11-21T04:51:07.000Z,https://www.facebook.com/100063738901281/posts/1143914894409797
newsth.18,"เปิดบ้าน ‘ลูกศร ธนาภรณ์’ ประกาศตัด แม่ตัดลูก- ภาพ
.
อ่านต่อใต้คอมเมนต์👇",2024-11-21T03:19:38.000Z,https://www.facebook.com/100063738901281/posts/1143867271081226
newsth.18,"นางเอกช่อง3 สวยสะพรั่ง! อุ้มท้องโต ร่วมงานแต่งน้องสามีหมื่นล้าน- ภาพ 
.
อ่านต่อใต้คอมเมนต์👇",2024-11-21T02:37:08.000Z,https://www.facebook.com/100063738901281/posts/1143842854417001
newsth.18,"น้องเนย’ ลูกสาว‘กวาง กมลชนก’ประกาศข่าวดี หลังอายุ ได้ 19 ปี- ภาพ 
.
อ่านต่อใต้คอมเมนต์👇",2024-11-21T01:04:50.000Z,https://www.facebook.com/100063738901281/posts/1143795701088383
DramaAdd,"/me ทำหน้าแบบรอนในแฮรรี่พอตเตอร์ ""ร้ายกาจจจจ"" 
ถถถถถถ

จากแถลงของสภาเภสัชข้อสี่ หมายถึงปัญหาที่คนไข้ได้รับยาจากคลินิคเอกชน แต่ไม่มีการระบุชื่อยา ทั้งชื่อการค้า ชื่อสามัญ ไม่มีห่าอะไรเลย พอคนไข้กินยาแล้วมีปัญหา มาหาหมอที่ รพ ก็ไม่รู้ว่ายาอะไร เภสัชต้องเปิดตำรากันตาเหลือกว่ายาเชี่ยไรเนี่ย

แล้วพอให้ไปถามที่คลินิค ก็ไม่ค่อยยอมบอกชื่อยาซะด้วย อ้างว่ากลัวคนไข้ไปซื้อยากินเองจะเป็นอันตราย (แล้วไม่กลัวคนไข้บอกหมอที่ รพ ไม่ได้ว่ากินยาอะไรตอนเกิดผลข้างเคียงเหรอเพ่)

ซึ่งประเด็นนี้ที่สภาเภสัชสวนมากก็คือต้องการสื่อว่า คนที่ก่อปัญหาการ จ่ายยาแบบเป็นอันตรายกับผู้ป่วยโดยปิดบังข้อมูลไม่ให้ผู้ป่วยรู้ชื่อยา ไม่ใช่เภสัชนะจ๊ะ แต่คือหมอต่างหากและเป็นปัญหาเรื้อรังมานานแต่ไม่เห็นมีใครทำไรเล้ยยย

อนึ่ง ฉลากยาที่ถูกต้อง ต้องมีชื่อยาภาษาไทย (และภาษาอังกฤษเป็นออปชั่นเสริม) มีวิธีกินยาระบุไว้ครบถ้วน ว่ากินกี่เม็ด กินเวลาไหน กินก่อนหรือหลังอาหาร บลาๆ มีการเขียนคำเตือนผลข้างเคียงที่อาจเกิดขึ้นจากการกินยานั้น

ส่วนดราม่าระหว่างสองสภา แนะนำให้จับเข่าคุยกัน แล้วโรคไหนใน 32 กลุ่มอาการที่คิดว่าเป็นปัญหา เสี่ยงเกินไป ก็คุยกันว่าจะแก้ไขประกาศอะไรยังไงบ้าง เพื่อความปลอดภัยของคนไข้ แค่นั้นก็น่าจะจบนี่ครับ

อนึ่ง กฏหมายฉลากยามีใช้ซักพักละ ถ้าคนไข้ได้รับยาจากคลินิคไหน แล้วเจอแบบ ไม่เขียนห่าไรเลยบนซอง มาแบบเปล่าๆโล่งๆ อันนี้แจ้ง สสจ สบส ให้ดำเนินคดีได้ครับ ผิดกฏหมาย",2024-11-21T14:10:29.000Z,https://www.facebook.com/100044828388736/posts/1097423175095285
DramaAdd,ข่าวฝากประชาสัมพันธ์ ใครเป็นเจ้าของน้องติดต่อหา จขพ ด้วยจ้า,2024-11-21T13:46:36.000Z,https://www.facebook.com/100044828388736/posts/1097409088430027
DramaAdd,วันก่อนของแพทยสภาออกแถลง อันนี้ของสภาเภสัชออกแถลงในประเด็นเดียวกัน อ่านแป้บ,2024-11-21T13:45:00.000Z,https://www.facebook.com/100044828388736/posts/1097408245096778
ejan2016,ต้องหย่า ทั้งที่ยังรักมาก อีกไม่กี่วัน จะได้เห็นหน้าลูกแล้ว,2024-11-21T13:57:39.000Z,https://www.facebook.com/100081883222566/posts/566135549459214
ejan2016,"“ขนม” เปิดใจ! 
เลิกกับ “ครูเต้ย อภิวัฒน์”
ไร้มือที่ 3",2024-11-21T13:54:50.000Z,https://www.facebook.com/100081883222566/posts/566134612792641
ejan2016,หวัดดีนุด เราชื่อ #เอวา เสือสาวตาแป๋ว ดาวดวงใหม่ของเชียงใหม่ไนท์ซาฟารี ชมความตะมุตะมิได้เลยยยย เพราะน่ารักจนกลายเป็นไวรัลเต็มโซเชียล!,2024-11-21T13:45:06.000Z,https://www.facebook.com/100081883222566/posts/566128842793218
HKS2017,"‘จั๊กกะบุ๋ม’ เปิดใจหลังปลดหนี้ ‘แม่ปูนา’ ได้สำเร็จ เจ้าอื่นที่เหลือ ตั้งใจเคลียร์ภายในปีนี้ ลบคำครหา ‘จั๊กกะบิด’

ติดตามรายละเอียดเพิ่มเติมในคอมเมนต์

#จั๊กกะบุ๋ม #แม่ปูนา #หนี้สิน #โหนกระแส",2024-11-21T15:30:02.000Z,https://www.facebook.com/100063145307143/posts/932979982150170
HKS2017,"นั่งวิปัสสนากับศพมีจริง แต่เพื่อปลงสังขาร ไม่ใช่โอ้อวดสร้างลัทธิหูทิพย์ตาทิพย์ ‘พระพยอม’ ชี้พระทำผิดควรขังคุก ไม่ใช่จับปล่อยๆ จนย่ามใจ

ติดตามรายละเอียดเพิ่มเติมในคอมเมนต์

#พระพยอม #หูทิพย์ตาทิพย์ #อสุภะกรรมฐาน #โหนกระแส",2024-11-21T15:00:16.000Z,https://www.facebook.com/100063145307143/posts/932963302151838
HKS2017,"พ่อเบนซ์ ปล่อยคอนเทนต์เอ็กซ์คลูซีฟ โชว์ระบำใต้น้ำจากซุปตาร์เขาเขียว คนดูอาจจะแยกลำบาก ว่านี่เป็นฮิปโป หรือว่าเป็นวาฬ หรือว่าเป็นเรือดำน้ำกันแน่ เพราะลีลาตอนอยู่ในน้ำ เด้งมากจริงๆ

ที่มา : ขาหมู แอนด์เดอะแก๊ง

#ขาหมู #หมูเด้ง #เขาเขียว #โหนกระแส",2024-11-21T14:30:23.000Z,https://www.facebook.com/100063145307143/posts/932944985487003
khobsanung,"สำหรับ Attack on Titan The Last Attack เดอะมูฟวี่ฉบับสุดท้ายของเนื้อหาที่จะเอา Part 3.2 และ Part 3.3 มารวมเป็นฉบับเดอะมูฟวี่และตัดต่อใหม่พร้อมเพิ่มฉากพิเศษ แม้จะมีการยืนยันแล้วว่าตัวหนังจะเข้าฉายในไทยแน่นอน แต่ตัวหนังยังไม่มีการกำหนดวันฉายที่แน่นอน 
.
แต่ตอนนี้ได้มีการประกาศวันฉายในโซนประเทศแถวบ้านเราแล้ว ซึ่งจะฉายช่วงเดือนมกราคมนี้ ซึ่งมีความเป็นไปได้ที่บ้านเราจะฉายในช่วงเวลาเดียวกัน",2024-11-21T10:48:15.000Z,https://www.facebook.com/100064520479802/posts/978000634360610
khobsanung,"วันนี้มางานเปิดตัวซีรีส์การุณยฆาตและทิชา

เลยขออนุญาตถ่ายรูปฝาแฝดแอดลงเพจสักหน่อยนะครับ",2024-11-21T09:45:12.000Z,https://www.facebook.com/100064520479802/posts/977969077697099
khobsanung,Pedro Pascal กับการทำไฮไลท์สีผมเพื่อรับบทเป็น Reed Richards ใน ‘THE FANTASTIC FOUR: FIRST STEPS’,2024-11-21T09:15:00.000Z,https://www.facebook.com/100064520479802/posts/977953847698622
newsth.18,"!!ชีวิตล่าสุด ‘เปิ้ล ชไมพร’ อดีตนางเอกดัง
.
อ่านต่อใต้คอมเมนต์👇",2024-11-20T13:05:40.000Z,https://www.facebook.com/100063738901281/posts/1143400891127864
newsth.18,".เปิดรูปที่ ‘หลิงหลิง-โป๊ป’ เป็นประเด็น หลังถ่ายปฏิทินช่อง 3 แฟนๆคอมเมนต์กันสนั่น
.",2024-11-20T12:26:45.000Z,https://www.facebook.com/100063738901281/posts/1143367051131248
newsth.18,".แพท ณปภา’ เผยเรื่องที่เพิ่งรู้เกี่ยวกับ ‘พี’ หลังยอมมีลูกคนที่2ให้
.
อ่านต่อใต้คอมเมนต์👇",2024-11-20T08:03:09.000Z,https://www.facebook.com/100063738901281/posts/1143223404478946
DramaAdd,"ลูกเพจส่งมา อันนี้ใจกลางกรุงระดับสุดๆไปเลย

เห็นจ่าลงเรื่องขอทาน นี่บน BTS SKYWALK สยามเชื่อม CTW มีทุกวัน
ตรงหน้า ctw ก็เยอะ แจ้ง traffy fondue จนท.มาไล่ แป๊บเดียวมาใหม่ มาทุกวัน ทำเป็นอาชีพ",2024-11-21T13:44:04.000Z,https://www.facebook.com/100044828388736/posts/1097407721763497
DramaAdd,ข่าวฝากประชาสัมพันธ์ ใครสะดวกบริจาคเลือดรบกวนด้วยครับ,2024-11-21T13:42:24.000Z,https://www.facebook.com/100044828388736/posts/1097406855096917
DramaAdd,ระวังมิจใช้มุกทักคนผิดด้วยนะ ช่วงนี้มามุกนี้กันเยอะมาก,2024-11-21T13:39:40.000Z,https://www.facebook.com/100044828388736/posts/1097405268430409
khobsanung,"Tokyo Override  แอนิเมชั่นซีรีส์ที่สร้างโดยทีมงานคนไทยอย่าง RiFF Studio  เจ้าของผลงานอย่าง นักรบมนตรา และ Out of the Nest

ตอนนี้ 6 EP. มาพร้อมพากย์ไทยดูได้แล้วทาง NETLFIX
.
โดยตัวแอนิเมชั่นเป็นผลงานกำกับร่วมระหว่างสองประเทศอย่าง คุณยูสุเกะ ฟูคุดะ, วีรภัทร ชินะนาวิน และเเป็นการดูแลงานผลิตโดยสองแบรนด์ยักษ์ใหญ่ของยานยนตร์อย่าง YAMAHA  และ Honda 
.
เนื้อหาเล่าเรื่อง ไคผู้โดดเดี่ยวพบว่าชีวิตของเธอต้องพลิกผันไปเมื่อได้พบกับกลุ่มมอเตอร์ไซค์ที่ไม่เหมือนใคร การพบกันนี้พาอะไรใหม่ๆ เข้ามาในชีวิตของเธอมากมาย ทั้งปัญหาที่คาดไม่ถึง ความลึกลับ การหักหลัง และพัฒนาการสุดดราม่าอื่นๆ ที่ทำให้เรื่องราวที่ไม่สามารถคาดเดาได้นี้ดำเนินไปอย่างรวดเร็วยิ่งขึ้น",2024-11-21T08:21:47.000Z,https://www.facebook.com/100064520479802/posts/977927514367922
khobsanung,"ตัวอย่างใหม่ของ  Here ที่นี่ นิรันดร แบบซับไทย

ภาพยตร์ที่ตลอดทั้งเรื่องจะแช่ภาพไว้อยู่แค่ 1 เฟรมตลอดทั้งเรื่องและเราจะได้เห็นการเปลี่ยนผ่านของเวลาตั้งแต่ยุคหินมาจนถึงยุคปัจจุบัน

ตัวหนังนำแสดงโดย ทอม แฮงค์ส' และ 'โรบิน ไรต์' และเป็นหนังของผู้กำกับ Forrest Gump
หนังเข้าฉาย 5 ธันวานี้

ลิงก์ตัวอย่างในเม้นท์",2024-11-21T07:58:32.000Z,https://www.facebook.com/100064520479802/posts/977913347702672
khobsanung,"โปสเตอร์แรกของ 'Moving' Season 2 

ที่ได้ยืนยันแล้วว่าตัวซีรีส์กำลังอยู่ในกระบวนการสร้าง คาดว่าจะได้ดูช่วงปี 2026 ทาง Disney+ Hotstar เป็นอย่างต่ำ",2024-11-21T07:28:11.000Z,https://www.facebook.com/100064520479802/posts/977898261037514
HKS2017,"พอครูใหญ่ไม่อยู่ก็ไม่ตั้งใจเรียนเลย ‘ทนายรพีพัฒน์’ อธิบายข้อกฎหมาย นักเรียนเอาแต่เมนต์ “ทนายหล่อมาก, กล้องช่วยจับหน้าบ่อยๆ”

ติดตามรายละเอียดเพิ่มเติมในคอมเมนต์

#แอม #วางยาพิษ #ไซยาไนด์ #ทนายรพีพัฒน์ #โหนกระแส",2024-11-21T14:00:11.000Z,https://www.facebook.com/100063145307143/posts/932927632155405
HKS2017,"นักท่องเที่ยวอ้างถูกลวงไปรุมทำร้ายกลางเขาค้อ อาวุธครบมือ คดีไม่คืบ หวั่นไม่ได้รับความเป็นธรรม

ติดตามรายละเอียดเพิ่มเติมในคอมเมนต์

#รุมทำร้าย #เขาค้อ #โหนกระแส",2024-11-21T13:30:02.000Z,https://www.facebook.com/100063145307143/posts/932910592157109
HKS2017,"เจ้าหน้าที่บุกสำนักสงฆ์ป่าศิริจันทร์  ในจังหวัดกำแพงเพชร สถานที่ที่มีการสอนวิชาหูทิพย์ ตาทิพย์ และให้ลูกศิษย์นั่งสมาธิกับศพ

เจ้าหน้าที่พบศพคนตายรวมทั้งสิ้น 12 ร่าง เบื้องต้นได้เก็บดีเอ็นเอ นำไปพิสูจน์อัตลักษณ์บุคคล และเตรียมประสานญาติให้รับร่างไปประกอบพิธีทางศาสนาต่อไป

#หูทิพย์ตาทิพย์ #นั่งสมาธิกับศพ #โหนกระแส",2024-11-21T13:00:31.000Z,https://www.facebook.com/100063145307143/posts/932892948825540
ejan2016,โผล่มาจากไหน?,2024-11-21T13:42:41.000Z,https://www.facebook.com/100081883222566/posts/566125806126855
ejan2016,"ห้ามพลาดดดดด ! 
งานนี้อิ่มด้วย อร่อยด้วย แถมฟังเพลงไปด้วย !
22 พ.ย.  คิง พิเชษฐ์ (King The Voice)
23 พ.ย.  มาเรียม B5
24 พ.ย.  กัน ชาลี (Guncharlie) 
มาเจอกันในงาน Thailand Food Travel Mart 2024 วันที่ 22-24 พ.ย. 67 ที่ Phenix Food Wholesale Hub ค่ะ #ที่สุดแห่งปีของวงการอาหารไทยร้านดังจากทั่วประเทศ

มีเวทีเสวนา กระทบไหล่คนดังวงการอาหาร
ไก่ย่าง 100 ล้าน คุณสุเมธ พระราม 9 ไก่ย่าง
POKPOK Start up food Delivery ส่งอาหารข้ามโซน
ส้มตำคุณกัญจณ์ กว่าจะเป็นส้มตำมิชลิน 6 ปีซ้อน

แฟนคลับ รอเจอได้เลยค่า",2024-11-21T13:30:58.000Z,https://www.facebook.com/100081883222566/posts/566119382794164
ejan2016,หมอเบนซ์ เตือนภัย! สาเหตุ สมรักษ์ คำสิงห์ หูดับ ต้องใช้เครื่องช่วยฟังตลอดชีวิต,2024-11-21T13:15:21.000Z,https://www.facebook.com/100081883222566/posts/566110452795057
HKS2017,"‘ขนม ศศิกานต์’ ประกาศเลิก ‘ครูเต้ย’ เผยมีปัญหาที่เกิดขึ้นมานาน วอนแฟนๆ อย่าโทษใคร

ติดตามรายละเอียดเพิ่มเติมในคอมเมนต์

#ขนมศศิกานต์ #ครูเต้ยอภิวัฒน์ #โหนกระแส",2024-11-21T12:30:04.000Z,https://www.facebook.com/100063145307143/posts/932877518827083
HKS2017,"DSI-ปปง. เปิดให้ผู้เสียหาย ‘ดิไอคอน’ ยื่นคำร้องขอคุ้มครองสิทธิ์รับคืนหรือชดใช้คืนทรัพย์สิน

ติดตามรายละเอียดเพิ่มเติมในคอมเมนต์

#ดิไอคอน #DSI #ปปง #เฉลี่ยทรัพย์ #โหนกระแส",2024-11-21T12:00:14.000Z,https://www.facebook.com/100063145307143/posts/932860858828749
HKS2017,"‘สนธิ-ปานเทพ’ ยื่นสอบมรรยาท ‘ทนายตั้ม-ทนายเดชา’

ติดตามรายละเอียดเพิ่มเติมในคอมเมนต์

#สนธิลิ้มทองกุล #ปานเทพพัวพงษ์พันธ์ #ทนายตั้ม #สภาทนายความฯ #มรรยาททนาย #โหนกระแส",2024-11-21T11:30:03.000Z,https://www.facebook.com/100063145307143/posts/932845445496957
newsth.18,"จากปาก ‘อั้ม อธิชาติ’ ตอบแล้ว ถูกโยงพระเอกตัวท็อปนอกใจภรรยานักร้องดังยุค 90
.
อ่านต่อใต้คอมเมนต์👇",2024-11-20T06:38:13.000Z,https://www.facebook.com/100063738901281/posts/1143182377816382
newsth.18,"‘โบว์ เมลดา’ เผยเป้าหมายใหม่ อยากแต่งงาน เพราะเหตุนี้
.
อ่านต่อใต้คอมเมนต์👇",2024-11-20T03:45:52.000Z,https://www.facebook.com/100063738901281/posts/1143098524491434
newsth.18,"ลุยไม่ทิ้งการเรียน
‘ยูกิ เพ็ญผกา’ ในชุดนักศึกษา สอบเข้ามหาวิทยาลัยดัง
.
อ่านต่อใต้คอมเมนต์👇",2024-11-20T02:22:03.000Z,https://www.facebook.com/100063738901281/posts/1143055801162373
khobsanung,"ผู้สร้างอย่างคุณ Bryan Lee O'Malley ได้ยืนยันว่าแอนิเมชั่น Scott Pilgrim  ได้จบลงอย่างสมบูรณ์แล้ว และตัวซีรีส์จะไม่ได้มีการไฟเขียวให้ไปต่อในซีซั่น 2 แล้ว เรื่องราวจะจบลงเพียงเท่านี้ 
.",2024-11-21T07:13:26.000Z,https://www.facebook.com/100064520479802/posts/977890714371602
khobsanung,"ทำไมใจร้ายจัง  
.
วันนี้อุตสาห์อยากพาน้องไปดู Ghost Cat Anzu  ภูตเหมียวอันซุ หนึ่งในอนิเมะที่อยากไปดูมากๆ เพราะเป็นอนิเมะที่ได้เข้าฉายในเทศกาล  Cannes Film Festival ครั้งที่ 77  แต่ผลปรากฎว่า เราแทบหารอบของเรื่องนี้ในไทยไม่ได้เลยยยย ทั้งทีพึ่งเข้าฉายวันแรกเท่านั้น!! 
.
ซึ่งเท่าที่เช็ครอบในกรุงเทพจะมีอยู่ประมาณ 4 รอบได้ ส่วนตามต่างจังหวัดหาแทบไม่ได้เลย เห็นของเชียงใหม่มีแค่ 1 รอบเท่านั้นของ SF โดยใครที่หารอบได้ ก็แนะนำให้ไปดูกันนะครับ",2024-11-21T06:36:22.000Z,https://www.facebook.com/100064520479802/posts/977872427706764
khobsanung,"Ghost cat Anzu | ภูตเหมียวอันซุ 

เมื่อแมวภูติมาทำหน้าที่แทนคุณพ่อของหญิงสาวหนังยาว 1 ชม. 35 นาที เข้าฉายแล้ววันนี้",2024-11-21T05:58:10.000Z,https://www.facebook.com/100064520479802/posts/977856271041713
HKS2017,"[โหนกระแส วันที่ 21 พ.ย.67] ญาติเหยื่อเผย สาสมแล้ว!!! โทษประหารชีวิต ""แอม ไซยาไนด์"" ชีวิตแลกชีวิต #โหนกระแส #ช่อง3กด33",2024-11-21T11:00:32.000Z,https://www.facebook.com/100063145307143/posts/932831208831714
HKS2017,"“จ๊ะ นงผณี”  ตอบแล้ว หลังมีคนคอมเมนต์ “ชุดนอนควรใส่เฉพาะตอนอยู่บนที่นอน” หลังเจ้าตัวใส่ชุดนอนไปกินข้าวร้านริมทาง    บอกไม่เคยติดตามชีวิตกันเลย เพราะที่นอนคือบนรถ ยังบอกอีกว่า “หาวิธีที่อยู่บนที่นอนให้ฟังหน่อย เก่งเกิน ขอบคุณที่สอนหนูค่ะ”

#จ๊ะนงผณี #ดรามาชุดนอน #ชุดนอนควรใส่บนที่นอน #โหนกระแส",2024-11-21T10:30:05.000Z,https://www.facebook.com/100063145307143/posts/932817095499792
HKS2017,"ผู้ประสานงานคดีเหยื่อแอม  วอนหน่วยงานที่เกี่ยวข้องจับตาดูการซื้อขาย ไซยาไนด์ หลังพบมีข้อมูลซื้อขายในราคาหลักหมื่น

ติดตามรายละเอียดในคอมเมนต์

#แอม #ก้อย #ไซยาไนด์ #โหนกระแส",2024-11-21T10:00:12.000Z,https://www.facebook.com/100063145307143/posts/932803425501159
newsth.18,"‘น้องแอลลี่’ ค่าตัว 100ล้าน ปิดหนี้ 26ล้านให้พ่อ
ค่าตัว 100 ล้าน ปิดหนี้ 26 ล้านให้พ่อ
‘อ่ำ อัมรินทร์’ ปลื้ม ‘น้องแอลลี่’ ลูกสาวคนเก่ง ขึ้นแท่นผู้หญิงที่ใบหน้าสวยที่สุดในโลก
อ่านต่อใต้คอมเมนต์
.
อ่านต่อใต้คอมเมนต์👇",2024-11-20T00:48:24.000Z,https://www.facebook.com/100063738901281/posts/1143008661167087
newsth.18,"หลังจากใช้เวลานานแค่ไหนในการได้เห็นเขาอีกครั้งในฐานะคนที่เขาเคยเป็น: เวียร์กล่าวด้วยประโยคที่ส่งผลกระทบโดยตรงต่อครอบครัวของเขาเมื่อเขาเห็นเบลล่าอีกครั้ง
.
อ่านต่อใต้คอมเมนต์👇",2024-11-19T11:54:41.000Z,https://www.facebook.com/100063738901281/posts/1142575704543716
newsth.18,"นุ่น รมิดา แจงภาพ! หลุยส์ สก๊อต อุ้มทารกน้อยแห่ถามลูกใคร ถึงว่ากลับชัยภูมิมีแต่คนถาม!
.
อ่านต่อใต้คอมเมนต์👇",2024-11-19T10:04:18.000Z,https://www.facebook.com/100063738901281/posts/1142510864550200
ejan2016,"ลมหนาวเริ่มมาแล้วมีอุปกรณ์แคมปิ้งกันหรือยัง?

อีจันแคมป์ อีพีนี้พาลูกเพจไปบุกคลังแสงของ อุปกรณ์แคมปิ้งกับร้าน WANDARA ถนนบางนาตราด กม.25 อภิมหาอาณาจักรของคนรักกิจกรรมกลางแจ้ง ที่รวบรวมแบรนด์ชั้นนำจากทุกมุมโลกไม่ว่าจะเป็นสวีเดน,อเมริกา,ออสเตรเลีย,ญี่ปุ่น,เกาหลีหรือแบรนด์ไทยก็มี

พร้อมแนะนำ 6 ไอเทมแคมปิ้งสำหรับชาวแคมป์มือใหม่ อลังการตระการตาขนาดไหนไปดูกันเลย…ดูแล้วลูกเพจอย่าลืมไปเติมของนะครับ",2024-11-21T13:01:21.000Z,https://www.facebook.com/100081883222566/posts/566102292795873
ejan2016,"เกิดอะไรขึ้น กับรักครั้งนี้?
#ครูเต้ย อภิวัฒน์ 
เลิก #น้องขนม 
ฟังเหตุผล จบรัก 5 ปี 
หลังสร้างครอบครัว มาด้วยกัน
(มีคลิป)",2024-11-21T12:51:17.000Z,https://www.facebook.com/100081883222566/posts/566096412796461
ejan2016,"มางานนี้งานเดียวถือว่า คุ้ม ! 
ถ้าพรุ่งนี้ว่าง อยากชวนลูกเพจมาเดินงาน Thailand Food Travel Mart 2024  โดยจัดขึ้นเป็นวันแรกค่ะ ที่สุดของวงการอาหารไทย แถมได้กระทบไหล่คนดังของวงการอาหาร จากทั่วประเทศ

มีเวทีเสวนา แชร์เทคนิคการต่อยอดธุรกิจ กับผู้ผลิตวัตถุดิบโดยตรง เทคนิค AI เปลี่ยนโฉมธุรกิจอาหาร เทคนิคปั้นร้านให้ปัง ดังทะลุโซเชียล 

“สูตรอาหารดีๆ ที่เหล่าเชฟคนดัง พร้อมแชร์ให้กับทุกคนฟัง”
ถ้าอยากปัง ต้องมาค่ะ 

ที่สำคัญงานนี้ เขายกความอร่อยมาไว้ในงาน ถึง 30 ร้านดัง ระดับ Michelin จากทั่วฟ้าเมืองไทย 
และช่วงเวลา #นาทีทอง ช่วงที่ทุกคนห้ามพลาด กับสินค้าราคาโปรโมชั่นพิเศษ เช่น กุ้งลำปำ 3 น้ำ จาก จ.สงขลา และ จ.พัทลุง , ปลากะพงปลอดภัย , ไข่ไก่ฟองละ 1 บาท , น้ำมันพืช มีสุข และแก๊ส PT

โดยงาน Thailand Food Travel Mart  จัดตั้งแต่ วันที่ 22 – 24 พฤศจิกายน 2567 3 วันเท่านั้น ตั้งแต่เวลา 10.30 – 20.00 น. ที่อาคารฟีนิกซ์ ประตูน้ำ มาเจอกันนะคะ ช้อปของถูก หอบของดี กลับบ้านกันค่ะ",2024-11-21T12:45:15.000Z,https://www.facebook.com/100081883222566/posts/566092782796824
khobsanung,"ความจริงมีเพียงหนึ่งเดียว!!

เมื่อ "" คำโกหก "" ทำลายได้ทุกสิ่ง

กับโปสเตอร์แรกของ Six Lying University Students 
หรือชื่อไทย ‘ใครโกหกยกมือขึ้น’

ตัวหนังเข้าฉาย 20 ธันวาคมนี้
ปล.ตัวหนังมี มินามิ ฮามาเบะ = ไปดู!!!!",2024-11-21T05:39:04.000Z,https://www.facebook.com/100064520479802/posts/977847824375891
khobsanung,"GANNIBAL  ยืนยันซีซั่นสองจะพร้อมลง Disney+ Hostar 19 มีนาคมนี้
.
โดย GANNIBAL ซีซั่นแรกสามารถดูได้ทาง Disney+ Hostar",2024-11-21T05:22:36.000Z,https://www.facebook.com/100064520479802/posts/977840017710005
khobsanung,"โปสเตอร์ใหม่ของไรเดอร์

ตัวตึงทั้งนั้นนนนนนน
โดยตัวหนังกำหนดฉาย 10 ธันวาคมนี้",2024-11-21T05:04:54.000Z,https://www.facebook.com/100064520479802/posts/977831701044170
DramaAdd,"ดูเหมือน กทม ตอนนี้จะมีแต่ขอทานนะครับ อันนี้ลูกเพจส่งมา ติดทางลง BTS เลย

จ่าคะ bts พร้อมพงษ์มีขอทานแทบทุกวันค่ะ อุ้มเด็ก พาเด็กมาขอทาน เห็นตั้งแต่เด็กทารก ยันเด็กโตค่ะ",2024-11-21T13:38:38.000Z,https://www.facebook.com/100044828388736/posts/1097404615097141
DramaAdd,ข่าวฝากประชาสัมพันธ์ ใครมีกล้องหน้ารถหรือมีเบาะแสติดต่อ จขพ ด้วยครับ,2024-11-21T13:37:42.000Z,https://www.facebook.com/100044828388736/posts/1097404018430534
DramaAdd,"ลูกเพจฝากมา ฝากหน่วยงานที่เกี่ยวข้องด้วยจ้า

ขอทานเป็นผู้หญิงและเด็ก กินนอนตรงรถไฟฟ้าเอกมัยเลย ต่างชาติเยอะนะแถวนั้น ไม่น่าใช่คนไทยนะ เคยแจ้ง จนท ไปแล้วไม่สนใจค่ะ พิกัดตรงข้ามขนส่งเอกมัย",2024-11-21T13:35:11.000Z,https://www.facebook.com/100044828388736/posts/1097402651764004
newsth.18,"จ่าย 10 ล้านเพื่อเจอหน้าลูก! 
ดร.หมวย อริสรา ผู้ประกาศช่อง 3 รอนานกว่า 15 ปี ชีวิตครอบครัวถึงสมบูรณ์
.
อ่านต่อใต้คอมเมนต์👇",2024-11-19T07:34:27.000Z,https://www.facebook.com/100063738901281/posts/1142436627890957
newsth.18,"น้อยคนจะได้รู้ เปิดประวัติ “คุณเดวิด วีลเลอร์” สามีท่านผู้หญิงพลอยไพลิน บุตรเขย “ทูลกระหม่อมหญิงฯ”
อ่านต่อใต้คอมเมนต์
#ข่าวบันเทิง #เรื่องลับดารา #เรื่องเล่าข่าวข้น #ไลฟ์สไตล์ดารา #แอนภัททิรา",2024-11-19T01:29:07.000Z,https://www.facebook.com/100063738901281/posts/1142243054576981
newsth.18,"แฟนๆแห่เมนต์ สายไปแล้ว หลัง แฟนเก่าแพรรี่ เคลื่อนไหวประโยคเด็ด
อ่านต่อใต้คอมเมนต์
#ข่าวบันเทิง #เรื่องลับดารา #เรื่องเล่าข่าวข้น #ไลฟ์สไตล์ดารา #แอนภัททิรา #ข่าวดารา",2024-11-18T12:22:00.000Z,https://www.facebook.com/100063738901281/posts/1141748077959812
ejan2016,เกิดอะไรขึ้น กับรักครั้งนี้! ฟังเหตุผล ต้องจบรัก! #ครูเต้ยอภิรักษ์ เลิก #น้องขนม ภรรยา,2024-11-21T12:36:17.000Z,https://www.facebook.com/100081883222566/posts/566086809464088
ejan2016,"ปลากะพงตัวใหญ่เบิ้ม หนักประมาณ 7-9 กิโลกรัม เชฟไก่จัดมาให้แบบสดๆ เอามาประมูลในงาน Thailand Food Travel Mart ซึ่งจัดขึ้นโดยสมาคมภัตตาคารไทยและการท่องเที่ยวแห่งประเทศไทย

ปลากะพงตัวในรูปนี้ เชฟไก่เอามาให้ประมูลกัน เริ่มต้นแค่ 100 บาทเท่านั้น เงินที่ได้ทั้งหมด จะสมทบโครงการของขวัญ 5,000 ชิ้น ของ #อีจัน เอาไว้ซื้อของเล่นไปให้เด็กด้อยโอกาส

งานนี้ห้ามพลาดเด็ดขาด จัดแค่ 3 วันเท่านั้น ที่อาคารฟินิกซ์ ประตูน้ำ เริ่มวันที่ 22-24 พฤศจิกายน นี้ ใครไม่อยากพลาดโปรนาทีทองเด็ดๆ ต้องมาให้ได้เลยล่ะ
ของดีราคาถูกไม่ได้มีบ่อยนะจ๊ะ",2024-11-21T12:17:47.000Z,https://www.facebook.com/100081883222566/posts/566075819465187
ejan2016,"ใครเดาถูกบ้าง 🙋🏻‍♀️
ทำไมเพจเรา ถึงชื่อ “อีจัน”",2024-11-21T12:00:52.000Z,https://www.facebook.com/100081883222566/posts/566064289466340
HKS2017,"เหิมเกริม แก๊งเยาวชนลวงสาวไปทำร้าย บังคับแก้ผ้า แถมโพสต์ประจาน ลั่นไม่กลัวกฎหมาย 

อ่านรายละเอียดในคอมเมนต์

#ลวงเพื่อน #ทำร้ายร่างกาย #ถ่ายคลิปประจาน #โหนกระแส",2024-11-21T09:30:01.000Z,https://www.facebook.com/100063145307143/posts/932789965502505
HKS2017,"ชื่นชม เทวดาน้อยสร้างกุศลยิ่งใหญ่ บริจาคไตมอบชีวิตใหม่ให้ผู้ป่วย

สภากาชาดไทย โพสต์ภาพเทวดาตัวน้อยวัย 1 ขวบ 11 เดือนที่สร้างกุศลอันยิ่งใหญ่ โดยระบุข้อความว่า 
.
""น้องโนอาห์"" เด็กชายณฐพัชร์ เข็มเพ็ชร์ อายุ 1 ขวบ 11 เดือน เสียชีวิต แพทย์ได้วินิจฉัยว่ามีภาวะสมองตาย ทางครอบครัวได้ตัดสินใจบริจาคไต เพื่อช่วยเหลือผู้ป่วยที่รอการรักษาต่อไป
.
สภากาชาดไทย ขอขอบพระคุณในจิตอันเป็นกุศล และขอกุศลแห่งผลบุญในครั้งนี้ อำนวยผลดลบันดาลส่งดวงวิญญาณของน้องโนอาห์ สู่ภพภูมิที่ดีด้วยเทอญ และขอแสดงความเสียใจอย่างสุดซึ้งกับครอบครัวของเด็กชายณฐพัชร์ เข็มเพ็ชร์ ผู้บริจาคอวัยวะ มา ณ ที่นี้
.

#สภากาชาดไทย #บริจาคอวัยวะ #กุศลที่ยิ่งใหญ่ #โหนกระแส",2024-11-21T08:59:04.000Z,https://www.facebook.com/100063145307143/posts/932774622170706
HKS2017,"“ทนายพัช” ให้สัมภาษณ์ทางโทรศัพท์กับทีมช่อง 3 ระบุ ยังเป็นผู้บริสุทธิ์เพราะขณะนี้สิ้นสุดในศาลชั้นต้นแต่ยังไม่ถึงชั้นศาลฎีกา  บอกอย่าเพิ่งวิพากษ์วิจารณ์อะไรมากในชั้นอุทธรณ์อาจจะกลับก็ได้  พร้อมบอกคำตัดสินของศาลชั้นต้นเป็นไปตามที่คาดไว้

#ทนายพัช #แอมไซยาไนด์ #ประหารชีวิตแอมไซยาไนด์  #โหนกระแส",2024-11-21T08:30:42.000Z,https://www.facebook.com/100063145307143/posts/932761418838693
khobsanung,"STRIKING RESCUE หนังใหม่ของพี่จา โดยในเวอร์ชั่นพากย์ไทยจะพากย์เสียงโดย โต๊ะ พันธมิตร ซึ่งจะถือเป็นอีกหนึ่งผลงานท้ายๆของคุณอาโต๊ะ พันธมิตร หลังจากจะเกษียณตัวเองในช่วงเดือนเมษายนปีหน้า
.
STRIKING RESCUE เข้าฉาย 5 ธันวาคมนี้",2024-11-21T04:36:43.000Z,https://www.facebook.com/100064520479802/posts/977818784378795
khobsanung,The Rock กลับมารับบท Maui อีกครั้งใน Moana เวอร์ชั่นคนแสดง,2024-11-21T03:35:25.000Z,https://www.facebook.com/100064520479802/posts/977784137715593
khobsanung,"คาดการณ์เหล่านักแสดงที่จะมารับบทสมาชิกวง The Beatles ในหนังชีวประวัติวงนี้ ที่กำกับโดย  Sam Mendes
.
Paul Mescal รับบท Paul McCartney
Harris Dickinson รับบท John Lennon
Joseph Quinn รับบท George Harrison
Barry Keoghan รับบท  Ringo Starr",2024-11-21T03:21:03.000Z,https://www.facebook.com/100064520479802/posts/977776957716311
DramaAdd,,2024-11-21T12:57:42.000Z,https://www.facebook.com/100044828388736/posts/1097381155099487
DramaAdd,"คืนนี้ตอนเที่ยงคืน เกม starwar outlaw ของค่าย ubisoft
จะวางขายในสตีม มารอดูกันว่ายอดผู้่นจะเป็นเช่นไร
ก่อนหน้านี้เกมนี้มีดราม่าหนักมาก เพราะตัวเกมมีบัคเยอะแบบล้นทะลัก
จนเกมค่าย bethesda ที่ขึ้นชื่อเรื่องบัคเยอะอยู่แล้ว ยังต้องยกธงขาวเพราะบัคน้อยกว่าเกมนี้สุดหูรูด
แถมยังมีประเด็นดราม่าเกี่ยวกับค่ายเด็กหวาน มีส่วนเกี่ยวข้องกับการพัฒนาเกมนี้ จนทำให้ยอดขายของเกมนี้
ที่คาดหวังกันว่าจะปังมากยอดขายหลายล้านก๊อปปี้ แต่วางขายไปหลายเดือนแล้วก็ยังได้แค่ล้านเดียวเท่านั้น
และที่ผ่านมาไม่มีการเปิดเผยยอดผู้เล่นเลยว่าจำนวนเท่าไหร่แต่วันนี้เราน่าจะได้รู้จำนวนตัวเลขคร่าวๆจากฝั่งสตีมแล้ว",2024-11-21T11:28:36.000Z,https://www.facebook.com/100044828388736/posts/1097333821770887
DramaAdd,มุกล่าสุดของมิจฉาชีพอย่าหลงเชื่อห้ามกดลิงค์,2024-11-21T11:03:53.000Z,https://www.facebook.com/100044828388736/posts/1097321235105479
HKS2017,"ญาติเหยื่อเผยหวังลึกๆว่า แอมจะมาขอโทษ แต่เค้าไม่สลด หน้ายิ้ม ขนตางอน หันมามองครอบครัวมีแต่น้ำตา ด้านสามีเหยื่ออีกรายบอก ขอยืดอกรับกรรม อย่าตะบี้ตะบันเอาชนะ มั่นใจ ภรรยาที่เสียชีวิตจากแอม จะได้รับความเป็นธรรมเหมือนคดีก้อย 

อ่านรายละเอียดในคอมเมนต์

#แอม #ก้อย #ไซยาไนด์ #ไม่สลด #โหนกระแส",2024-11-21T07:58:01.000Z,https://www.facebook.com/100063145307143/posts/932745508840284
HKS2017,"Live ""สนธิ"" ร้องสภาทนายความถอด ""ทนายตั้ม""",2024-11-21T07:43:04.000Z,https://www.facebook.com/100063145307143/posts/1143508233955406
HKS2017,"พฐ. เตรียมขนศพออกจากสำนักสงฆ์หูทิพย์ตาทิพย์ เร่งประสานญาติ ลูกชายเผยนำร่างพ่อมาบริจาคถวายเพราะเป็นลูกศิษย์ ฝึกหูทิพย์ตาทิพย์แล้วได้จิตที่เป็นสมาธิ คิดทันคนอื่น

ติดตามรายละเอียดเพิ่มเติมในคอมเมนต์

#สำนักสงฆ์ #หูทิพย์ตาทิพย์ #นั่งสมาธิกับศพ #โหนกระแส",2024-11-21T07:30:01.000Z,https://www.facebook.com/100063145307143/posts/932732762174892
newsth.18,"หม่ำ จ๊กมก เผยอายุมากแล้ว เตรียมไล่ขายทรัพย์สินให้หมด
อ่านต่อใต้คอมเมนต์
#ข่าวบันเทิง #เรื่องลับดารา #เรื่องเล่าข่าวข้น #ไลฟ์สไตล์ดารา #แอนภัททิรา #ข่าวดารา",2024-11-18T06:59:04.000Z,https://www.facebook.com/100063738901281/posts/1141544421313511
newsth.18,"สุดเศร้า ‘อุ้ม พรรษวุฒิ’ ลูกชาย ‘สมบัติ เมทะนี’ เสียชีวิตแล้ว
อ่านต่อใต้คอมเมนต์
#ข่าวบันเทิง #เรื่องลับดารา #เรื่องเล่าข่าวข้น #ไลฟ์สไตล์ดารา #แอนภัททิรา #ข่าวดารา",2024-11-18T03:49:05.000Z,https://www.facebook.com/100063738901281/posts/1141452421322711
newsth.18,"เปิดบ้านเกิด ‘ลิซ่า’ ที่บุรีรัมย์ ไม่ทิ้งตา-ยายในบ้านไม้หลังเก่า
อ่านต่อใต้คอมเมนต์
#ข่าวบันเทิง #เรื่องลับดารา #เรื่องเล่าข่าวข้น #ไลฟ์สไตล์ดารา #แอนภัททิรา #ข่าวดารา",2024-11-18T02:24:14.000Z,https://www.facebook.com/100063738901281/posts/1141408621327091
ejan2016,"ปรบมือค่ะ
“มีแล้วต้องแบ่งปัน” ลูกๆขอสานต่อปณิธานแม่จรีพร #เทพผดุงพรมะพร้าว
ให้ทุน 51 โรงเรียน 10,200,000 บาท เพื่อคุณภาพชีวิตที่ดีของเด็กในพื้นที่ได้รับอุทกภัยซ้ำซ้อน 
อ่านข่าวต่อ https://www.ejan.co/news/6c5gor5o5oen",2024-11-21T12:00:32.000Z,https://www.facebook.com/100081883222566/posts/566063482799754
ejan2016,ชวนปลดหนี้! “คลัง” เปิดเกณฑ์แก้หนี้เสีย “กลุ่มบ้าน-รถ-เอสเอ็มอี” มาตรการพักดอกเบี้ย 3 ปี ให้ 2.3 ล้านบัญชี,2024-11-21T11:46:06.000Z,https://www.facebook.com/100081883222566/posts/566054016134034
ejan2016,สุขสันต์วันเกิด #อรชรเชิญยิ้ม วัย52ปี #คณะลิเกศรรามน้ำเพชร ร่วมอวยพร,2024-11-21T11:45:02.000Z,https://www.facebook.com/100081883222566/posts/566053476134088
khobsanung,Wicked เข้าฉายแล้ววันนี้ ไปดู Ariana Grande กานนนน,2024-11-21T02:56:15.000Z,https://www.facebook.com/100064520479802/posts/977764821050858
khobsanung,"พรุ่งนี้เราจะได้ดูการแสดงของ  Ariana Grande ใน Wicked กันแล้ววว

และนี่คือหนึ่งในการแสดงของเธอที่ผมจดจำเธอได้จาก Don't Look Up",2024-11-20T16:30:13.000Z,https://www.facebook.com/100064520479802/posts/977454737748533
khobsanung,"โปสเตอร์แรกของซีรีส์ที่จะเล่าสู่จุดกำเนิดแรกเริ่มของ ALIEN

อย่าง ‘ALIEN: EARTH’

ตัวซีรีส์กำหนดออนแอร์กลางปีหน้า บ้านเราคาดว่าจะได้ดูทาง Disney+ Hotstar",2024-11-20T15:29:28.000Z,https://www.facebook.com/100064520479802/posts/977417811085559
khobsanung,"ยืนยัน ธี่หยด 3 จะมาแน่นอน คาดฉาย  8 ตุลาคม 2568  ( วันฉายยังไม่ยืนยัน ) 
.
โดยเนื้อหาข่าวอ้างอิงจากเวบ bangkokbiznews ที่ได้ยืนยันว่าตอนนี้ตัวหนังกำลังอยู่กระบวนการเขียนบทภาคใหม่กันแล้ว และภาคนี้ ""ณเดชน์ คูกิมิยะ"" จะกลับมาเช่นเดิม

ส่วนเนื้อหาของหนังยังไม่มีการเปิดเผยในตอนนี้",2024-11-20T14:38:53.000Z,https://www.facebook.com/100064520479802/posts/977380674422606
khobsanung,"Gladiator 2 สนุก ดูเพลิน แต่ไม่สุด! -----------------------------------------ข้าวเกรียบ PR BigBag""อร่อยเข้ม เต็มซอง!""#ข้าวเกรียบรูปวง #ข้าวเกรียบพีอาร์บิ๊กแบ็ก #อร่อยเข้มเต็มซอง #ความอร่อยที่คุ้มค่า #prfoodland",2024-11-20T14:06:52.000Z,https://www.facebook.com/100064520479802/posts/977360151091325
khobsanung,ต่อไปตาเธอแล้ว,2024-11-20T12:41:25.000Z,https://www.facebook.com/100064520479802/posts/977300531097287
ejan2016,ดราม่า! ย้าย 11 ศพ ออกจากสำนักสงฆ์ หูตาทิพย์ ชาวบ้านไม่ยอม ให้ไว้ที่วัด กลัวโรคระบาด อ่านคืบหน้าเรื่องนี้ 👉🏻 https://www.ejan.co/crime/7asfj2skm4od,2024-11-21T11:36:50.000Z,https://www.facebook.com/100081883222566/posts/566049036134532
ejan2016,น่าเหลือเชื่อ!!! ฟังมุม ลูกคนตาย เปิดใจ ตั้งใจเอาศพพ่อ ไปไว้สำนักสงฆ์ ผมฝึกแล้ว ทำให้คิดทันคนอื่น อ่านคืบหน้าเรื่องนี้ 👉🏻 https://www.ejan.co/crime/7asfj2skm4od,2024-11-21T11:26:13.000Z,https://www.facebook.com/100081883222566/posts/566042666135169
ejan2016,เตรียมตัว! “จุลพันธ์” จ่อเปิดลงทะเบียน ‘บัตรคนจน’ รอบใหม่ก่อนสิ้นเดือนมี.ค.68 ชี้ทบทวนคุณสมบัติเข้ม จนไม่จริง “ไม่มีสิทธิ”,2024-11-21T11:21:16.000Z,https://www.facebook.com/100081883222566/posts/566038122802290
HKS2017,"3 ยอดกุมาร 'คิริน-ไนร่า-เอเดน' ตอบคำถามเรื่องการบูลลี่ ชาวเน็ตแห่ชื่นชม ทัศนคติน้องๆ ดีมาก เด็กคุณภาพของแท้

ติดตามรายละเอียดในคอมเมนต์

#คิริน #ไนร่า #เอเดน #กายฮารุ #บูลลี่ #โหนกระแส",2024-11-21T07:00:01.000Z,https://www.facebook.com/100063145307143/posts/932719815509520
HKS2017,"รร.นรต.สั่งอาจารย์หยุดปฏิบัติหน้าที่ เซ่นปมล่วงละเมิดนักเรียน พร้อมตั้งคณะกรรมการสอบข้อเท็จจริง ด้าน ผกก.สามพราน ย้ำคดียอมความกันได้

ติดตามรายละเอียดในคอมเมนต์

#นายร้อยตำรวจ #อาจารย์ #ล่วงละเมิด #อนาจาร #โหนกระแส",2024-11-21T06:30:02.000Z,https://www.facebook.com/100063145307143/posts/932705245510977
HKS2017,"พ่อเผยสาเหตุ ลูกชายจับแฟนสาวมัดมือ ฉุดขึ้นรถ ทำไปเพราะรักมาก หึงมาก ที่ผ่านมาไม่เคยคิดว่าเลิกกัน

ติดตามรายละเอียดในคอมเมนต์

#ลักพาตัว #แฟนสาว #ทำร้าย #เลิกกัน #โหนกระแส",2024-11-21T06:00:05.000Z,https://www.facebook.com/100063145307143/posts/932690348845800
newsth.18,"สามี ‘แมท ภีรนีย์’ ลั่นสะดุดตาเลย กลับมาบ้านเจอภาพนี้
อ่านต่อใต้คอมเมนต์
#ข่าวบันเทิง #เรื่องลับดารา #เรื่องเล่าข่าวข้น #ไลฟ์สไตล์ดารา #แอนภัททิรา #ข่าวดารา",2024-11-18T01:37:20.000Z,https://www.facebook.com/100063738901281/posts/1141385197996100
newsth.18,"แล้วจะผ่านไปเหมือนทุกครั้ง
‘ฟิล์ม’ ใส่บาตรในวันเกิด ขอบคุณทุกคนที่เชื่อมั่น
อ่านต่อใต้คอมเมนต์
#ข่าวบันเทิง #เรื่องลับดารา #เรื่องเล่าข่าวข้น #ไลฟ์สไตล์ดารา #แอนภัททิรา #ข่าวดารา",2024-11-17T14:19:51.000Z,https://www.facebook.com/100063738901281/posts/1141023898032230
newsth.18,"‘แอลลี่ อชิรญา’ ต้องกินข้าวกอง ไม่ชอบช็อปปิ้ง อยากให้ครอบครัวอยู่สบาย
อ่านต่อใต้คอมเมนต์
#ข่าวบันเทิง #เรื่องลับดารา #เรื่องเล่าข่าวข้น #ไลฟ์สไตล์ดารา #แอนภัททิรา #ข่าวดารา",2024-11-17T12:08:56.000Z,https://www.facebook.com/100063738901281/posts/1140926694708617
khobsanung,ตกแต่งสกินเหมือนกัน,2024-11-20T11:52:50.000Z,https://www.facebook.com/100064520479802/posts/977269831100357
khobsanung,"Mason Thames นักแสดงวัย 17 ปี อีกหนึ่งคนที่โตอย่างมีคุณภาพ

The Black Phone
How to Train Your Dragon",2024-11-20T10:44:11.000Z,https://www.facebook.com/100064520479802/posts/977226384438035
khobsanung,"ฆาตกรรม เดอะ มิวสิคัล ซีรีส์ที่สนุกจนอยากแนะนำที่ตอนนี้ขึ้นอันดับ 1 ใน MONOMAX แล้ว
.
ฆาตกรรม เดอะ มิวสิคัล คือซีรีส์ที่ว่าด้วยเรื่องราวคดีฆาตกรรมอันเป็นปริศนา ที่แม้คนตุยเองก็ไม่รู้ว่าใครเป็นคนฆ่าเธอ ซึ่งความแปลกใหม่ของมันเราจะได้เห็นมุมมองของวิญญาณตุยในครั้งนี้ด้วย

คุณกรีนและคุณแพตในซีรีส์คือความดีงามของซีรีส์จริงๆ",2024-11-20T09:57:26.000Z,https://www.facebook.com/100064520479802/posts/977199624440711
ejan2016,สืบต่อ! นำศพพระ เจ้าสำนักองค์เก่า ออกจากโลง มาตรวจ DNA หลังเจอในสำนักสงฆ์ ใช้ศพสอนวิชาหูตาทิพย์ อ่านคืบหน้าเรื่องนี้ 👉🏻 https://www.ejan.co/crime/7asfj2skm4od,2024-11-21T11:14:01.000Z,https://www.facebook.com/100081883222566/posts/566033696136066
ejan2016,"ปิดฉากรัก!
“ขนม” ประกาศชัด
เลิกกับ “ครูเต้ย อภิวัฒน์” แล้ว",2024-11-21T11:10:57.000Z,https://www.facebook.com/100081883222566/posts/566032152802887
ejan2016,"ชีวิต และความลำบาก คนเราเกิดมามีไม่เท่ากันจริงๆ ค่ะ ทุกคนรู้มั้ยคะ ว่าวันเด็กที่สนุกที่สุดในความทรงจำของเรา อาจจะเป็นแค่วันธรรมดาๆ ของเด็กกลุ่มหนึ่ง...

พวกเขาไม่มีโอกาสได้เที่ยวเล่นเหมือนคนอื่น ของขวัญของเล่นสักชิ้น ก็ยังไม่เคยได้ เพราะครอบครัวยากไร้ แสนลำบาก พ่อแม่ยังหาเช้ากินค่ำ

อีจัน อยากเชิญลูกเพจ มาเติมความสุข มอบรอยยิ้มให้เด็กยากไร้เหล่านี้กันค่ะ ใน #โครงการของขวัญห้าพันชิ้นปีที่3 ที่ผ่านมา เรามอบของขวัญให้เด็กยากไร้ จากเหนือจรดใต้ หอบไปให้เองกับมือ แม้จะไม่ได้บอกตรงๆ แต่สายตาและรอยยิ้มของเด็กๆ บอกชัดเจนค่ะ ว่าพวกเขาดีใจจริงๆ

ครั้งนี้เราจะส่ง ของเล่น ตุ๊กตา อุปกรณ์การเรียน
ให้กับน้องๆ พื้นที่ห่างไกล ในวันเด็ก 2568 ค่ะ

ใครอยากสมทบของขวัญ ส่งมาที่ บ้านอีจัน 68/6 ซ.รามอินทรา 8 แขวงอนุสาวรีย์
เขตบางเขน กทม. 10220 

และอีจันหาดใหญ่ อาคารเจเอสพี เพลส 81/1 
ถ.ศรีภูวนารถใน อ.หาดใหญ่ จ.สงขลา 90110

หรือใครไม่สะดวก สามารถร่วมสมทบได้ที่
ธ.กสิกร 197-3-76688-7
เพจอีจันเพื่อโครงการของขวัญ 5,000 ชิ้น
ให้เด็กด้อยโอกาส

*เราขอของขวัญ ตุ๊กตา อุปกรณ์การเรียน ของเล่น มือ1 หรือมือ2 สภาพดีเท่านั้น รบกวนไม่ฝากทิ้งนะคะ

ของขวัญที่ส่งมา อาจเป็นของขวัญชิ้นแรกในชีวิตของเด็กๆ มาร่วมเติมความสุขให้เด็กๆ กันค่ะ",2024-11-21T11:01:07.000Z,https://www.facebook.com/100081883222566/posts/566026829470086
HKS2017,"Live โหนกระแส ญาติเหยื่อเผย สาสมแล้ว!!! โทษประหารชีวิต ""แอม ไซยาไนด์"" ชีวิตแลกชีวิต

#โหนกระแส #หนุ่มกรรชัย",2024-11-21T05:32:34.000Z,https://www.facebook.com/100063145307143/posts/1567133180574290
HKS2017,"รอง ผบช.ก.เผยหลังสอบ 'เจ๊อ้อย' ครั้งนี้เป็นการเก็บตกประเด็น เพื่อให้สำนวนครบถ้วน เตรียมเรียกผู้เกี่ยวข้องสอบเพิ่ม

ติดตามรายละเอียดในคอมเมนต์

#เจ๊อ้อย #ทนายตั้ม #สอบปากคำ #ฉ้อโกง #โหนกระแส",2024-11-21T05:25:01.000Z,https://www.facebook.com/100063145307143/posts/932673688847466
HKS2017,"สะเทือนวงการอุตสาหกรรม คนแห่ชมนวัตกรรมใหม่ ในงาน “เมทัลเล็กซ์ 2024”

พร้อมยกทัพผลงานชิ้นเอกกว่า 3,000 แบรนด์จัดเต็มพื้นที่ศูนย์ไบเทค พร้อมรับนักอุตสาหกรรมจาก 50 ประเทศ
.
อาร์เอ็กซ์ เทรดเด็กซ์ ผู้นำด้านการจัดงานแสดงสินค้าแห่งอาเซียน เปิดเผยถึงงาน METALEX 2024 มหกรรมเครื่องจักรกลและเทคโนโลยีโลหการอันดับหนึ่งของอาเซียน จัดงานในปีนี้จัดขึ้นเป็นครั้งที่ 38 ภายใต้แนวคิด “The Masterpiece” หรือ “ผลงานชิ้นเอก” นำเสนอนวัตกรรมใหม่ที่เป็นผลงานชิ้นเอก กว่า 3,000 แบรนด์จาก 50 ประเทศ 21 พาวิลเลี่ยนนานาชาติ จาก 8 ประเทศและเขตปกครองพิเศษ ได้แก่ เกาหลีใต้ เยอรมนี จีน ญี่ปุ่น สาธารณรัฐจีน (ไต้หวัน) สิงคโปร์ อิตาลี และอินเดีย ที่จะมาช่วยยกระดับการผลิต ให้นักอุตสาหกรรมได้สร้างผลงานชิ้นเอกให้กับธุรกิจตน คาดว่าจะมีผู้เข้าชมงานไม่น้อยกว่า 100,000 คน และมูลค่าการลงทุนที่เกิดขึ้นในการเจรจาธุรกิจในงาน จะมีมากกว่า 7,000 ล้านบาท
.
ในปีนี้ได้จัดนวัตกรรมใหม่ ๆ มาจัดแสดง อาทิ เครื่องจักรกล BROTHER SPEEDIO S500Xd2 รวมทุกฟังก์ชั่นการตัดเฉือน / เครื่องพับระบบเซอร์โวไฟฟ้าแบบเปลี่ยนแม่พิมพ์อัตโนมัติ เครื่องแปรรูปโลหะแผ่น AMADA / เครื่องเชื่อมเลเซอร์ เครื่องเดียวที่ใช้งานได้สองแบบ / เครื่องมือตรวจวัดแบบดิจิทัลที่รวมการวัด 3 รูปแบบไว้ในเครื่องเดียว / หุ่นยนต์โคบอทสำหรับงานพ่นสี ใช้งานง่าย เป็นต้น
.
นอกจากการจัดแสดงเทคโนโลยีและเครื่องจักรกลรุ่นใหม่ ๆ แล้ว ภายในงานยังมีการจัดสัมมนา มากกว่า 50 หัวข้อ มีวิทยากร ผู้ทรงคุณวุฒิ ร่วมบรรยายมากถึง 130 คน รวมถึง METALEX The Nexus เวทีสาธิตนวัตกรรมและเวิร์กชอปให้ทดลองทำจริงรู้จริง เพื่อเตรียมความพร้อมให้ผู้ประกอบการในยุคแห่งวิศวกรรมอัจฉริยะ และ Thailand Industrial Conference ครั้งแรกของประเทศไทยกับการประชุมทางวิชาการ โดยความร่วมมือกับอุตสาหกรรมพัฒนามูลนิธิและอีก 8 สถาบันเครือข่ายของมูลนิธิ พร้อมฟังปาฐกถาพิเศษจากรัฐมนตรีว่าการกระทรวงอุตสาหกรรม
.
งาน METALEX 2024 จัดขึ้น ณ ฮอลล์ 98-104 ศูนย์นิทรรศการและการประชุมไบเทค ไปจนถึง 23 พฤศจิกายน 2567 เวลา 10.00-18.00 น. ผู้สนใจเข้าชมงานสามารถลงทะเบียนหน้างานฟรีโดยไม่มีค่าใช้จ่ายและดูรายละเอียดของงานได้ที่ www.metalex.co.th สอบถามข้อมูลเพิ่มเติมได้ที่ โทร. 0 2686 7222 หรืออีเมล contactcenter@rxtradex.com
.
เนื่องจากเป็นงานเจรจาธุรกิจ จึงขอความร่วมมือผู้ชมงานแต่งกายสุภาพ และภายในงานมีเครื่องจักรขนาดใหญ่และอาจมีประกายไฟจากการสาธิตการใช้งาน จึงสงวนสิทธิ์ไม่อนุญาตให้เยาวชนอายุต่ำกว่า 15 ปี เข้าชมงาน",2024-11-21T05:00:10.000Z,https://www.facebook.com/100063145307143/posts/932662345515267
DramaAdd,ที่จีนช่วงนี้เป็นอะไรกันเนี่ยเกิดเหตุร้ายแบบนี้ไม่หยุดเลย,2024-11-21T10:45:16.000Z,https://www.facebook.com/100044828388736/posts/1097311471773122
DramaAdd,โดนกันเยอะ เพจโรงแรมปลอมเยอะมาก,2024-11-21T10:41:31.000Z,https://www.facebook.com/100044828388736/posts/1097309911773278
DramaAdd,"อันนี้เข้าท่า ภาคเอกชนเข้ามามีส่วนร่วมในการปรับปรุงถนน ฟุตบาท เพราะพ่อแม่พี่น้องที่เดินใน กทม นี่จะเห็นว่า ตรงไหน เอกชนเข้ามาทำฟุตบาท สภาพแม่งอย่างดีเลย

บริษัท เตียง จิราธิวัฒน์ จำกัด ผู้ดำเนินธุรกิจศูนย์การค้าและพัฒนาอสังหาริมทรัพย์ในพื้นใจกลางกรุงเทพฯ แสดงพลังภาคเอกชน แจ้งความจำนงไปยังสำนักการโยธา กรุงเทพมหานคร เพื่อขอใช้พื้นที่ส่วนบุคคลตามหนังสือแสดงกรรมสิทธิ์ โฉนดเลขที่ 538 จากกึ่งกลางหลักเขต ดำเนินการขยายพื้นที่ทางเดินเท้าหน้าเซ็นทรัล แอมบาสซี บริเวณจุดที่แคบตรงหมุดที่ดินนายเลิศ ถนนเพลินจิตตัดถนนวิทยุ พื้นที่เขตปทุมวัน ที่มีลักษณะแคบและเป็นอุปสรรคแก่ผู้สัญจรผ่านไปมา และผู้ใช้วีลแชร์ 

โดยได้มีการปรับปรุงขยายพื้นที่ให้มีความกว้างขวางยิ่งขึ้นจากเดิมขยายเป็นระยะความกว้างที่ 1.20 เมตร ซึ่งดำเนินการเสร็จสิ้นเรียบร้อยในช่วงปลายเดือนตุลาคมที่ผ่านมา เพื่อสะท้อนการเป็นองค์กรต้นแบบของความร่วมมือระหว่างหน่วยงานภาครัฐกับภาคเอกชน ในการส่งเสริมและสนับสนุนการเกิดย่านที่มีสภาพแวดล้อมทางกายภาพที่เป็นมิตรกับการเดินเท้า ตลอดจนอำนวยความสะดวกแก่ประชาชนในพื้นที่โดยรอบ และสร้างสภาพแวดล้อมที่เอื้อต่อการเติบโตของธุรกิจในชุมชนเมืองอย่างยั่งยืน ขานรับแนวคิดของกรุงเทพมหานคร ร่วมพัฒนาพื้นที่ทางเท้าในกรุงเทพฯ ตามนโยบายของนายชัชชาติ สิทธิพันธุ์ ผู้ว่าราชการกรุงเทพมหานครในการร่วมกันขับเคลื่อนให้กรุงเทพฯ กลายเป็นเมืองเดินได้-เมืองเดินดี และเป็นเมืองที่น่าอยู่สำหรับทุกคนคนับ",2024-11-21T10:00:12.000Z,https://www.facebook.com/100044828388736/posts/1097291675108435
newsth.18,"‘แอน’ เมีย ‘ชาคริต’ ถูกทักบ่อยเรื่องหุ่น เผยเหตุผลที่ ช่วงนี้ดูอวบ
อ่านต่อใต้คอมเมนต์
#ข่าวบันเทิง #เรื่องลับดารา #เรื่องเล่าข่าวข้น #ไลฟ์สไตล์ดารา #แอนภัททิรา #ข่าวดารา",2024-11-17T10:45:24.000Z,https://www.facebook.com/100063738901281/posts/1140869284714358
newsth.18,"หย่า 2 ครั้ง ชีวิตรักไม่สมหวัง
เผยโมสามีคนแรก 'ปุ๊ก อาภัสรา' นางงามจักรวาลก่อบพบรัก ‘เจ้าสัวเซ็นทรัล’
อ่านต่อใต้คอมเมนต์
#ข่าวบันเทิง #เรื่องลับดารา #เรื่องเล่าข่าวข้น #ไลฟ์สไตล์ดารา #แอนภัททิรา #ข่าวดารา",2024-11-17T10:08:31.000Z,https://www.facebook.com/100063738901281/posts/1140847278049892
newsth.18,"จิ๊ก เนาวรัตน์ เผย เหตุผลที่ไม่ซื้อของรับ ขวัญหลาน
อ่านต่อใต้คอมเมนต์
#ข่าวบันเทิง #เรื่องลับดารา #เรื่องเล่าข่าวข้น #ไลฟ์สไตล์ดารา #แอนภัททิรา #ข่าวดารา",2024-11-17T07:34:35.000Z,https://www.facebook.com/100063738901281/posts/1140756718058948
khobsanung,สาวเชียงใหม่ น่ารักกกกกก,2024-11-20T09:37:01.000Z,https://www.facebook.com/100064520479802/posts/977187521108588
khobsanung,"หนังน้อนๆที่จะเข้าฉายในปีหน้า

A Minecraft Movie 03 เมษายน 2025
Lilo & Stitch 22 พฤษภาคม 2025.
How to Train Your Dragon 12 มิถุนายน 2025",2024-11-20T08:50:16.000Z,https://www.facebook.com/100064520479802/posts/977162137777793
khobsanung,"ชื่อไทยของหนังมาร์เวลทั้งสองเรื่องที่จะเข้าฉายในปีหน้า

Captain America: Brave New World กัปตัน อเมริกา : ศึกฮีโร่จักรวาลใหม่
เข้าฉาย 12 ก.พ.

Thunderbolts เข้าฉาย 1 พ.ค. ( ยังไม่เปิดเผยชื่อไทย )

The Fantastic Four: First Steps เดอะ แฟนแทสติก 4 จุดเริ่มต้นปฐมบทใหม่  เข้าฉาย 24 ก.ค. 2025",2024-11-20T08:30:36.000Z,https://www.facebook.com/100064520479802/posts/977151467778860
DramaAdd,"คดีแอมไซยาไนด์นี่ อ่านคำพิพากษาแล้ว 
ตร อย่างเด็ด

คืออย่างที่ทนายของแอมเขามองว่า มีช่องทางสู้ คือไม่มีพยานหลักฐานยืนยันจังหวะที่วางยาเป๊ะๆ ว่าแอมเป็นคนวางยาให้เหยื่อกินจริงๆ ซึ่งก่อนหน้านี้ มันมีคดีแนวๆนี้ แล้วพอไม่มีหลักฐานชัดๆ ศาลก็ยกประโยชน์แห่งความสงสัยให้จำเลยรอดไป

แต่คดีนี้ต่างกันตรงที่ ตำรวจไปควานหาพยานหลักฐานแวดล้อมมายาวเฟื้อย
มีตั้งแต่ ข้อมูลเคสก่อนๆที่สงสัยว่าแอมวางยา

มีการทำข้อมูลสถิติ เทียบสถานการณ์การเงินของแอมว่า
ช่วงไหนแอมไปเล่นพนันออนไลน์ เสียเงินหมดตูด
ก็จะพบว่าเพื่อนฝูงคนรู้จักคนใกล้ชิดของแอมจะตายเป็นเบือในช่วงนั้น แล้วทรัพย์สินของผู้ตายก็จะหายไปหลังจากนั้น ซึ่งก็คาดว่าแอมตบทรัพย์ไปใช้หนี้พนันออนไลน์

มีการเชื่อมโยงกับหลักฐานการซื้อไซยาไนด์ ที่แอมไปซื้อมา โดยไม่สามารถอธิบายได้ว่า เอาไปทำอะไร  ไม่ได้มีหน้าที่การงานอะไรที่เกี่ยวข้องกับการต้องใช้สารเคมีพวกนั้น ซื้อไปทำไมตั้งมากมาย ซึ่งแอมปิดปากเงียบ ไม่ให้การใดๆเรื่องนี้ 

และข้อมูลในเคสก้อยที่เสียชีวิต แม้จะไม่มีหลักฐานว่าแอมเป็นผู้วางยาในอาหารหรือเครื่องดื่มให้ก้อยกินแบบจะๆ แต่มีหลักฐานว่า แอมไม่ทำการช่วยเหลือ CPR บลาๆ ให้กับก้อย แถมยังปลดทรัพย์อีกเป็นมูลค่าร่วมแสนห้า ซึ่งมีพิรุธน่าสงสัย และพบเส้นทางการเงินของแอมกับบัญชีม้ากว่าสิบบัญชี มีเงินหมุนกว่า 95 ล้าน และมีหนี้พนันออนไลน์มหาศาล 

รวมๆศาลพิจารณาจากสำนวนฟ้องที่ตำรวจรวบรวมพยานหลักฐานแวดล้อมมารอบด้าน และไล่เรียงเหตการณ์ได้เป็นฉากๆดังนี้ ในที่สุดแอมจึงถูกพิพากษาว่ามีความผิดนั่นเอง

ซึ่งต่อให้อุทธรณ์ก็ไม่น่าช่วยอะไร เพราะไม่มีการยื่นพยานหลักฐานใหม่ ในชั้นอุทธรณ์ฎีกาจะเป็นการใช้พยานหลักฐานเดิมจากชั้นต้น แค่ไปสู้เรื่องกระบวนการและการตีความเรื่องข้อกฏหมายในชั้นต่อๆไป",2024-11-21T08:43:56.000Z,https://www.facebook.com/100044828388736/posts/1097257528445183
DramaAdd,"ล่าสุดสาวออสที่มาเที่ยว สปป ลาว กินเหล้าในผับแล้วป่วยหนัก คาดว่าเกิดจากภาวะเมทานอลเป็นพิษ เพราะเจอเหล้าเถื่อนผสมเมทานอล และพามารักษาที่ รพ ในไทย ได้เสียชีวิตแล้ว ขอแสดงความเสียใจกับครอบครัวของเขาด้วยครับ
เรื่องเหล้าเถื่อนผสมเมทานอลนี่น่ากลัวมาก รอบนี้ที่ สปป ลาว ถ้ารวมเคสนี้ตายสามแล้ว และป่วยหนัก อีกหลายสิบคน ซึ่งในกลุ่มที่อาการเมทานอลเป็นพิษ บางรายแม้จะรอดมาได้ แต่ก็อาจจะสูญเสียการมองเห็นไปตลอดชีวิต",2024-11-21T08:34:23.000Z,https://www.facebook.com/100044828388736/posts/1097253278445608
DramaAdd,"📣 ประชาสัมพันธ์หลีกเลี่ยงเส้นทาง ในวันจันทร์ที่ 25 พฤศจิกายน พ.ศ. 2567 ระหว่างเวลา 00.00 - 12.00 น.
🖌️ เนื่องจากองค์การบริหารส่วนจังหวัดปทุมธานี นำโดยพลตำรวจโท คำรณวิทย์ ธูปกระจ่าง นายกองค์การบริหารส่วนจังหวัดปทุมธานี จะจัดพิธีทำบุญอุทิศส่วนกุศลให้แก่ผู้ล่วงลับ และพิธีเจริญพระพุทธมนต์เสริมสิริมงคลเรียกขวัญกำลังใจให้แก่ผู้ประสบอุบัติเหตุจากเหตุการณ์ไฟไหม้รถบัสทัศนศึกษา 
📣 จึงขอประชาสัมพันธ์หลีกเลี่ยงเส้นทางบริเวณ ถ.วิภาวดีรังสิต มุ่งหน้าดอนเมือง/ดินแดง ตั้งแต่บริเวณแยกทางออก กม.29 (สะพานใหม่/อ.ลำลูกกา) ถึงบริเวณหน้า รร.มัธยมสังคีตวิทยา กทม. 
👉 รายละเอียดตามภาพ
และขออภัยในความไม่สะดวกมา ณ ที่นี้ด้วยครับ 🙏",2024-11-21T08:28:28.000Z,https://www.facebook.com/100044828388736/posts/1097250851779184
newsth.18,"“กชเบล ศรัณย์รัชต์” คว้าตำแหน่งมิสแกรนด์ภูเก็ต 2025 เผยประวัติน่าสนใจ
อ่านต่อใต้คอมเมนต์
#ข่าวบันเทิง #เรื่องลับดารา #เรื่องเล่าข่าวข้น #ไลฟ์สไตล์ดารา #แอนภัททิรา #ข่าวดารา",2024-11-17T07:03:29.000Z,https://www.facebook.com/100063738901281/posts/1140740091393944
newsth.18,"เปิดบ้าน ‘หนุ่ม อรรถพล’ ชีวิตเปลี่ยนไปหนัก หลังแต่งอยู่กินภรรยา
อ่านต่อใต้คอมเมนต์
#ข่าวบันเทิง #เรื่องลับดารา #เรื่องเล่าข่าวข้น #ไลฟ์สไตล์ดารา #แอนภัททิรา #ข่าวดารา",2024-11-17T01:49:54.000Z,https://www.facebook.com/100063738901281/posts/1140581028076517
newsth.18,"ดูชัดๆ เลขทะเบียนรถทักษิณ มี 3 ตัว เลขสวยมาก
อ่านต่อใต้คอมเมนต์
#ข่าวบันเทิง #เรื่องลับดารา #เรื่องเล่าข่าวข้น #ไลฟ์สไตล์ดารา #แอนภัททิรา #ข่าวดารา",2024-11-16T02:36:00.000Z,https://www.facebook.com/100063738901281/posts/1139821478152472
HKS2017,"บทสรุปเพื่อนบ้านเปิดเพลงเสียงดัง ยกพวกรุมด่าแม่เลี้ยงเดี่ยวป่วยมะเร็งระยะสุดท้าย จบที่โรงพัก ปรับ 500 รับปากจะไม่ยุ่งอีก

ติดตามรายละเอียดในคอมเมนต์

#เพื่อนบ้าน #เปิดเพลงเสียงดัง #แม่เลี้ยงเดี่ยว #โหนกระแส",2024-11-21T04:30:06.000Z,https://www.facebook.com/100063145307143/posts/932649348849900
HKS2017,"'พระพยอม' ฉะพระแต่งกายคล้ายหญิงออกเที่ยวกลางคืน ความเป็นพระไม่ได้อยู่ติดกะโหลก ให้สึกออกไป อย่าเป็นพระสวะ

ติดตามรายละเอียดในคอมเมนต์

#พระสงฆ์ #พระแต่งหญิง #พระเที่ยว #พระพยอม #โหนกระแส",2024-11-21T04:01:07.000Z,https://www.facebook.com/100063145307143/posts/932634488851386
HKS2017,พระรวมหัวหมอผี! หลอกสาวแก้กรรม ตุ๋นเงินแถมล่วงละเมิด #โหนกระแส,2024-11-21T03:30:09.000Z,https://www.facebook.com/100063145307143/posts/932352135546288
ejan2016,"#นอนไม่หลับคุยกับอีจัน คืนนี้ ห้ามพลาด! 
อ.เล็ก นักพูดเยียวยา ชวนคุยต่อ #โลกวิญญาณ ตอนที่ 13 ""การตายแล้วฟื้นของหลวงพ่อวัดท่าซุง” 

หลวงพ่อพระราชพรหมยาน (พระมหาวีระ ถาวโร)หรือ “หลวงพ่อฤาษีลิงดำ” วัดท่าซุง จ.อุทัยธานี ท่านมรณภาพเมื่อวันที่ 30 ตุลาคม 2535 แต่ก่อนหน้านั้น ตั้งแต่วัยเด็กจนถึงวัยชรา ท่านเคยตายแล้วฟื้นถึง 9 ครั้ง  ซึ่งท่านได้เมตตาเล่าเรื่องให้ลูกหลานฟังเป็นคติธรรมอย่างน่าสนใจ

4 ทุ่มตรง ตั้งแจ้งเตือน แล้วมาเจอกัน ใน Live #นอนไม่หลับคุยกับอีจัน ครับ

———————————————————————
ติดตาม 🔴 Live #นอนไม่หลับคุยกับอีจัน 
ทุกวัน อังคาร,พุธ,พฤหัสบดี, และวันอาทิตย์ 
เวลา 22.00-23.00 น. 
ทาง Facebook Live เพจอีจัน
#นอนไม่หลับ",2024-11-21T11:00:20.000Z,https://www.facebook.com/100081883222566/posts/566026196136816
ejan2016,"เพราะทุกคนมีดีในแบบของตัวเอง...
#โมเมนต์หาดูยาก คนสูงที่สุด และคนเตี้ยที่สุดโนโลก มาเจอกัน ในวันกินเนสส์ เวิลด์ เรคคอร์ดส์ อ่านข่าวต่อ: https://www.ejan.co/world/2c6stvvk8zq1",2024-11-21T10:32:17.000Z,https://www.facebook.com/100081883222566/posts/566011832804919
ejan2016,"อ้าว ผิดเหรอ?
“จ๊ะ นงผณี” ตอบแล้ว
หลังเจอดราม่าใส่ชุดนอนกินข้าวร้านริมทาง",2024-11-21T10:12:11.000Z,https://www.facebook.com/100081883222566/posts/566000919472677
DramaAdd,น้ำตาจิแช ขอไหลนะคะ เฟซแม่งมีขึ้นเตือนพวกสแกมเมอร์แล้ว,2024-11-21T08:27:57.000Z,https://www.facebook.com/100044828388736/posts/1097250611779208
DramaAdd,น้องแมวบ้านใดหลุดไป ติดต่อหา จขพ จ้า,2024-11-21T08:24:25.000Z,https://www.facebook.com/100044828388736/posts/1097249011779368
DramaAdd,"ลูกเพจฝากเตือนภัยมา อันนี้น่ากลัวครับ เพราะมันเนียนมากๆๆๆ แต่ที่จับได้เพราะเขาโทรไปเช็คที่ธนาคาร และมีเคสที่โดนหลอกก่อนหน้านี้ รายละเอียดเหมือนกันเป๊ะเคยโพสลงพันทิปเดือนที่แล้ว ชื่อคนที่มิจอ้างก็คนเดียวกันเลย https://pantip.com/topic/42452845

************************

สวัสดีค่ะจ่า
เราคิดว่าตัวเองโดนมิจโทรมาหลอกค่ะเลยอยากบอกเล่าอาจจะมีรายละเอียด(ที่ทางมิจให้)นิดนึง 

เราได้รับสายแจ้งว่าเป็นพนักงานกรุงไทยสาขาเมืองสุรินทร์ รหัสสาขา ********* พบว่ามีคนนำเอกสารมอบอำนาจจากเรามาขอถอนเงินในบัญชี ธ.กรุงไทย เลขท้าย9688 ซึ่งบช.นี้ถูกเปิดใช้ที่สาขาเซ็นทรัลขอนแก่น ด้วยจำนวนเงิน 500บาท จำนวนที่ขอถอนออกไป3แสนบาทถ้วน ซึ่งเงินจำนวนนี้ถูกโอนเข้ามาจากธ.ตปทเช้านี้ 

จนทของทางธนาคารจึงคิดว่าค่นข้างผิดปกติแล้วโทรมา หลังคุยกันว่าเราไม่ได้เคยเซ็นมอบอำนาจให้ใครทำธุรกรรมแทนเลย จนทก็บอกว่าจะทำการโอนสายให้ผจก.สาขา ตอนนั้นเราเริ่มเอะใจและทำการอัดเสียงไว้ค่ะ

ผจก.แนะนำว่าตัวเองชื่อ กนกอร ******** ให้เรายืนยันอีกทีว่าไม่ได้เป็นคนเปิดบชจริง แล้วธ.จะทำการติดต่อตำรวจให้เดี๋ยวนี้เลย ตอนนั้นเราค่อนข้างแน่ใจว่สเป็นมิจแน่ๆเลยบ่ายเบี่ยง ว่าทำงายอยู่ยังไม่สะดวก ทีนี่ผจก.(มิจ) ก็เริ่มพูดบีบเราว่าต้องคุยกับตำรวจตอนนี้เลย ไม่อย่านั้นทางธ.จะไม่สามารถยื้อคนที่มาถอนเงินไว้ได้ แต่สุดท้ายเราวางสายไปค่ะ 

ที่ibมาเพราะคนที่โทรมา ให้รายละเอียดข้อมูลของคนที่เค้าอ้างว่ามาทำธุรกรรม ค่อนข้างละเอียด เราไม่แน่ใจว่าเจ้าตัวเค้าทราบรึเปล่าว่าโดนนำมาแอบอ้างค่ะ เลยจะขอส่งข้อมูลให้ทางเพจ เผื่อจะมีช่องทางติดต่อเจ้าตัวนะคะ

ชื่อคนที่ถูกนำมาอ้างว่ามาทำธุรกรรมที่ผิดปกติแทนเรา

นส.สุพรรษา ************
เลขID *******************
ที่อยู่ ***********************
จ.นครศรีธรรมราช

หลังจากวางสายเราลองโทรไปธ.กรุงไทยสาขาสุรินทร์เพื่อตรวจสอบ เจ้าหน้าที่ตัวจริง แจ้งว่าไม่มีเหตุการณ์ดังกล่าวเกิดขึ้น และผจก.เป็นผช ไม่ได้ชื่อกนกอร อย่างที่เราถาม และไม่มีธ.กรุงไทยสาขาเมืองสุรินทร์ มีแต่สาขาสุรินทร์เฉยๆค่ะ

การคุยครั้งนี้เราคิดว่าดูน่าเชื่อถือสุดตั้งแต่เคยโดนมิจโทรมาเลยค่ะ คุยกันไปสิบกว่านาทีกว่าเราจะเอะใจว่าน่าจะเป็นมิจ เผื่อทางเพจจะได้เตือนคนอื่นค่ะ  

ทั้งสองชื่อที่ถูกอ้างถึงก็ไม่ทราบว่าเป็นผู้เสียหายถูกเอาชื่อมาใช้รึเปล่าด้วยค่ะ  

ขอบคุณมากค่ะ",2024-11-21T08:22:41.000Z,https://www.facebook.com/100044828388736/posts/1097248158446120
khobsanung,"“ ผมแค่อยากเล่นฟุตบอล ” 

Vinicius Junior จะมีสารคดีชีวประวัติของตัวเองที่ทำโดย NETFLIX
.
โดยตัวสารคดีมีกำหนดออนแอร์ช่วงปี 2025",2024-11-20T07:32:54.000Z,https://www.facebook.com/100064520479802/posts/977117567782250
khobsanung,"ของดีที่เราควรดู 

เจ้าหมาโง่ แกทำให้ฉันดูแย่
Courage the Cowardly Dog ทั้งหมด 4 ซีซั่น มาพร้อมพากย์ไทยดูได้แล้วทาง MAX",2024-11-20T07:05:40.000Z,https://www.facebook.com/100064520479802/posts/977104454450228
khobsanung,แดนสาป มาวันนี้เที่ยงคืนนะ ทาง NETFLIX,2024-11-20T06:22:36.000Z,https://www.facebook.com/100064520479802/posts/977082887785718
HKS2017,Live พ่อร้อง! ลูกสาวถูกเพื่อนรุมทำร้ายสาหัส ลั่นไม่กลัวคุก,2024-11-21T03:27:39.000Z,https://www.facebook.com/100063145307143/posts/1964843797261470
HKS2017,"สาวลูก 5 ตรอมใจ ผัวไปทำงานต่างจังหวัดนานเป็นปี ประชดไม่ยอมกินข้าวกินปลาจนป่วยติดเตียง เป็นแผลกดทับ หนอนขึ้นทั่วตัว

ติดตามรายละเอียดในคอมเมนต์

#ประชดรัก #ป่วย #ผัวเมีย #ครอบครัว #โหนกระแส",2024-11-21T03:01:13.000Z,https://www.facebook.com/100063145307143/posts/932605002187668
HKS2017,"พ่อย่องขโมยของในร้านค้า ตั้งใจเอาของเล่นไปให้ลูก เผยเมียเสียชีวิต สงสารลูกไม่มีแม่ ยอมรับก่อเหตุมาแล้ว 3 ครั้ง

ติดตามรายละเอียดในคอมเมนต์

#ขโมยของ #พ่อลูก #โจร #ของเล่น #โหนกระแส",2024-11-21T02:30:04.000Z,https://www.facebook.com/100063145307143/posts/932590322189136
khobsanung,ปกเล่มแรกและเล่มสุดท้ายของมังงะ MY HERO ACADEMIA,2024-11-20T05:28:22.000Z,https://www.facebook.com/100064520479802/posts/977054264455247
khobsanung,"โปสเตอร์ที่ทำโปรโมทในแมทซ์ฟุตบอลโลกรอบคัดเลือกโซนเอเชีย 2026 เมื่อวานระหว่าง จีนและญี่ปุ่น 

Sun Wukong vs Sun Goku 
.
ซึ่งสรุปผลนัดนี้
จีน 1 -3 ญี่ปุ่น",2024-11-20T05:02:14.000Z,https://www.facebook.com/100064520479802/posts/977034981123842
khobsanung,"How to Train Your Dragon

โดยตัวหนังเวอร์ชั่นคนแสดงเข้าฉาย 12 มิถุนายนนี้",2024-11-20T04:43:38.000Z,https://www.facebook.com/100064520479802/posts/977024311124909
newsth.18,"“น้องพริมมี่” ลูกสาว “ยุ้ย ปัทมวรรณ” ทั้งสวยทั้งเก่ง เดินทางแข่งโต้วาทีที่อเมริกา
อ่านต่อใต้คอมเมนต์
#ข่าวบันเทิง #เรื่องลับดารา #เรื่องเล่าข่าวข้น #ไลฟ์สไตล์ดารา #แอนภัททิรา #ข่าวดารา",2024-11-15T02:06:27.000Z,https://www.facebook.com/100063738901281/posts/1138982724903014
newsth.18,"รถหรู ""แม่ตั๊ก"" ส่วนใหญ่ยังผ่อนไฟแนนซ์ ตกใจจำนวนเงินในบัญชีล่าสุด
อ่านต่อใต้คอมเมนต์
#ข่าวบันเทิง #เรื่องลับดารา #เรื่องเล่าข่าวข้น #ไลฟ์สไตล์ดารา #แอนภัททิรา #ข่าวดารา",2024-11-12T12:52:46.000Z,https://www.facebook.com/100063738901281/posts/1136927871775166
newsth.18,"ชีวิตจริงยิ่งกว่านิยาย 3 พี่น้องถูกทิ้งให้ใช้ชีวิตตามลำพัง พ่อแม่หนีหายนานนับปี พี่ชายวัย 16 ยอมลา
ออกจากโรงเรียน ทำงานก่อสร้างหาเงินมาเลี้ยงน้องๆ
อ่านต่อใต้คอมเมนต์
#ข่าวบันเทิง #เรื่องลับดารา #เรื่องเล่าข่าวข้น #ไลฟ์สไตล์ดารา #แอนภัททิรา #ข่าวดารา",2024-11-12T11:36:21.000Z,https://www.facebook.com/100063738901281/posts/1136868138447806
DramaAdd,"ลูกเพจแจ้งมา

มีขอทานแถวฝั่งตรงข้ามห้ามเอ็มสเฟียร์ ไม่รู้น้องหมาโดนวางยาไหม
หน่วยงานที่เกี่ยวข้อง ดูแลแก้ไขปัญหาขอทานด้วยนะครับผม",2024-11-21T08:16:49.000Z,https://www.facebook.com/100044828388736/posts/1097245458446390
DramaAdd,"ข่าวฝากประชาสัมพันธ์ ใครสนใจรับน้องไปเลี้ยง ติดต่อ จขพ จ้า
ปล ตัวขาวน่ารักจุง",2024-11-21T08:15:37.000Z,https://www.facebook.com/100044828388736/posts/1097244851779784
DramaAdd,วิกฤติพะยูนในทะเลไทยยังหนักหนาสาหัส,2024-11-21T08:12:06.000Z,https://www.facebook.com/100044828388736/posts/1097243135113289
ejan2016,สุดหดหู่! ผัวไปทำงานต่างจังหวัด สาวเข้าใจว่าถูกทิ้ง ตรอมใจหนัก ไม่กินข้าวจนป่วยติดเตียง นานเกือบ 2 ปี ซูบผอม หนังหุ้มกระดูก หนอนไต่ยั้วเยี้ยทั่วตัว อ่านข่าวต่อ: https://www.ejan.co/news/6dh6g8to51cf,2024-11-21T09:48:34.000Z,https://www.facebook.com/100081883222566/posts/565989722807130
ejan2016,"“สนธิ-ปานเทพ” ยื่นสภาทนายความ 
สอบ “ทนายตั้ม-ทนายเดชา” 
ปมจรรยาบรรณ-พฤติกรรมฉาว",2024-11-21T09:37:42.000Z,https://www.facebook.com/100081883222566/posts/565984716140964
ejan2016,"อึ้ง! ""เครดิตบูโร"" เผยคนไทย 30 ล้านคน เป็นหนี้เสียทะลุ 1.2 ล้านล้าน ผงะ SME หนี้เน่าพุ่ง 20% ชี้เอ็นพีแอลแนวโน้มขาขึ้น

อ่านข่าวต่อ https://www.ejan.co/news/4i3f4b8muett",2024-11-21T09:27:35.000Z,https://www.facebook.com/100081883222566/posts/565980032808099
HKS2017,"เสี่ยเจ้าของโรงเรียนกวดวิชา ร้องถูกนักศึกษาพยาบาลหลอกให้รัก บังคับแต่งงาน ให้โอนค่าสินสอด สุดท้ายถูกบอกเลิก เงินก็ไม่ได้คืน

ติดตามรายละเอียดในคอมเมนต์

#หลอกให้รัก #แต่งงาน #ร้องเรียน #ถูกหลอก #โหนกระแส",2024-11-21T02:00:16.000Z,https://www.facebook.com/100063145307143/posts/932577148857120
HKS2017,"หญิงพิการสู้ชีวิต ขอข้าววัดกินประทังชีวิต เผยทั้งน้ำตาอยากเปิดร้านขายกาแฟ หารายได้เลี้ยงตัวเอง จะได้ไม่เป็นภาระใคร แต่ไม่มีทุนซื้ออุปกรณ์ วอนผู้ใจบุญสนับสุนน

ติดตามรายละเอียดในคอมเมนต์

#พิการ #สู้ชีวิต #ช่วยเหลือ #หาเงิน #โหนกระแส",2024-11-21T01:30:05.000Z,https://www.facebook.com/100063145307143/posts/932563625525139
HKS2017,"พฐ.ยุติค้นหา หลังขุดเจอทั้งหมด 17 หลุม 12 ศพในสำนักสงฆ์หูทิพย์ตาทิพย์ เก็บดีเอ็นเอพิสูจน์ เตรียมประสานญาติรับไปบำเพ็ญกุศล

ติดตามรายละเอียดในคอมเมนต์

#ลัทธิประหลาด #หูทิพย์ตาทิพย์ #หลุมศพ #ขุดศพ #โหนกระแส",2024-11-21T01:00:08.000Z,https://www.facebook.com/100063145307143/posts/932551508859684
khobsanung,"นักแสดงหลักของแฟรนไชส์อย่าง Denzel Washington ได้ยืนยันว่า THE EQUALIZER กำลังจะมีภาค 4 และ 5

"" ผมคิดว่ามีผู้คนมากมายมีความสุขและชอบกับแฟรนไชส์นี้นะ โดยพวกเราตระหนักในการสร้างภาพยนตร์ชุดนี้นะ ซึ่งตอนนี้พพวกเขาต้องการให้ผมไปจับผู้ร้ายอีกครั้งนะ และผมจะทำมันเอง รอตรงนั้นนะ ผมกำลังจะกลับไป """,2024-11-20T03:56:30.000Z,https://www.facebook.com/100064520479802/posts/976999654460708
khobsanung,"Wicked ขึ้นแท่นหนังที่ได้รีวิวจากฝั่งคนดูและฝั่งนักวิจารณ์ในระดับสูงสุด เรื่องหนึ่งของปีนี้
.
หนังได้คะแนนฝั่งนักวิจารณ์ 92% จาก 119 สำนัก ชอบ 109 ไม่ชอบ 10 คะแนนเฉลี่ย 8.1/10

ฝั่งคนดู 99% คะแนนเฉลี่ย 4.9/5

ตัวหนังได้รับการคาดการณ์ว่าจะเปิดตัวสูงในอเมริกามากถึง $150M

Wicked  เข้าฉาย 21 พ.ย. นี้",2024-11-20T03:22:22.000Z,https://www.facebook.com/100064520479802/posts/976980551129285
khobsanung,เทียบ How To Train Your Dragon เวอร์ชั่นแอนิเมชั่น กับ เวอร์ชั่นคนแสดง,2024-11-20T03:04:15.000Z,https://www.facebook.com/100064520479802/posts/976966137797393
newsth.18,"ชีวิตล่าสุด ‘หลุยส์ สก๊อต’ ลาเมืองกรุงทำ หน้าที่ลูกเขย หลังแต่ง ‘นุ่น รมิดา’
อ่านต่อใต้คอมเมนต์",2024-11-12T07:25:24.000Z,https://www.facebook.com/100063738901281/posts/1136724665128820
newsth.18,"‘เอวา ปวรวรรณ’ พร้อมครอบครัวเป็นเจ้าภาพบุญกฐิน เผยยอดเงินรู้แล้วมีช็อค
อ่านต่อใต้คอมเมนต์
#ข่าวบันเทิง #เรื่องลับดารา #เรื่องเล่าข่าวข้น #ไลฟ์สไตล์ดารา #แอนภัททิรา #ข่าวดารา",2024-11-11T13:23:37.000Z,https://www.facebook.com/100063738901281/posts/1136090275192259
newsth.18,"แห่ยินดีทั้งวงการ ! พระนางคู่รัก 11 ปี ควงแขนเข้าพิธีสมรสสุดอบอุ่นแล้ว
อ่านต่อใต้คอมเมนต์
#ข่าวบันเทิง #เรื่องลับดารา #เรื่องเล่าข่าวข้น #ไลฟ์สไตล์ดารา #แอนภัททิรา #ข่าวดารา",2024-11-11T11:29:39.000Z,https://www.facebook.com/100063738901281/posts/1136006195200667
ejan2016,น่าเป็นห่วง! สำนักงานสถิติฯ เผยวิกฤตแรงงานนอกระบบพุ่ง 21.1 ล้านคน เผชิญปัญหาไร้หลักประกัน-ค่าจ้างต่ำมาก,2024-11-21T09:01:04.000Z,https://www.facebook.com/100081883222566/posts/565968226142613
ejan2016,"สุดหดหู่! สาวเข้าใจว่าผัวทิ้ง ตรอมใจหนัก
ไม่กินข้าวจนป่วยติดเตียง หนอนไต่ยั้วเยี้ยทั่วตัว",2024-11-21T08:42:05.000Z,https://www.facebook.com/100081883222566/posts/565959659476803
ejan2016,เช็กด่วน! ผู้เสียหายคดีดิไอคอน สามารถยื่นคำร้องขอเงินคืนได้ตั้งแต่วันนี้- 17 ก.พ.68 อ่านข่าวต่อ: https://www.ejan.co/news/2q2mt84yfanp,2024-11-21T08:01:27.000Z,https://www.facebook.com/100081883222566/posts/565941322811970
DramaAdd,"ข่่าวฝากประชาสัมพันธ์จ้า

รบกวนประชาสัมพันธ์งานดีๆ ให้กับเด็กๆหน่อยได้มั๊ยคะ เราตั้งใจจัดมาก อยากให้ถึงหูแม่ๆ พาตัวเองและลูกๆมาเช็คสุขภาพจิตสุขภาพใจ
พอดีจะมีงานชื่อ Blooming Minds Fest. ที่ SF วันที่ 5-7 ธันวาคมนี้ เป็นงานเกี่ยวกับ สุขภาพจิต
เช็คสุขภาพใจ ตั้งแต่ 11.00 - 19.00 มีฉายภาพยนต์ของนิสิตจุฬา และมีเสวนาร่วมกับคุณหมอ เฉพาะทางจิตวิทยาเด็กและครอบครัว ในงานจะมีเวิร์คชอป exhibition แล้วก็ให้ครอบครัวหรือน้องได้มา consult กับนักจิต ส่วนตัว พอดีเราไม่มีบัดเจท ยิงแอด แต่อยากให้งานดีๆ ได้ถึงหู แม่ๆ พ่อๆ รบกวนคุณจ่าช่วยประชาสัมพันธ์ให้หน่อยนะคะ อยากให้งานเกิดจริงๆ มันเป็นโปรเจคที่เราตั้งใจมากๆสำหรับน้องๆที่อาจจะพบเจอปัญหาแต่ไม่รู้วิธีรับมือกับมัน",2024-11-21T08:10:13.000Z,https://www.facebook.com/100044828388736/posts/1097242335113369
DramaAdd,ตามนั้น,2024-11-21T07:30:09.000Z,https://www.facebook.com/100044828388736/posts/1097226475114955
DramaAdd,….ฟังที่แม่กับรพีเล่าแล้ว อะโห,2024-11-21T06:02:04.000Z,https://www.facebook.com/100044828388736/posts/1097191471785122
HKS2017,"อยากจกพุง! 'น้องเอวา' เสือโคร่งแน่นะ ? แฟนคลับแห่เมนต์ หนูคือแมวส้มใช่ไหม อยากจะเอาขนมแมวเลียให้

ติดตามรายละเอียดในคอมเมนต์

#น้องเอวา #เสือ #เสือโคร่งสีทอง #เสือโคร่ง #โหนกระแส",2024-11-21T00:30:04.000Z,https://www.facebook.com/100063145307143/posts/932539925527509
HKS2017,"'แอม' ยังเหลืออีก 14 คดี เตรียมส่งฟ้อง 26 พ.ย.นี้ รอง ผบก.ป.เผยแม้จะเกิดเหตุมานาน แต่มีหลักฐานชัดเจน ดำเนินคดีได้

ติดตามรายละเอียดในคอมเมนต์

#คดีแอม #ทนายพัช #ไซยาไนด์ #ประหารชีวิต #โหนกระแส",2024-11-21T00:00:15.000Z,https://www.facebook.com/100063145307143/posts/932528375528664
HKS2017,"'เจ๊อ้อย' ให้ปากคำนานกว่า 12 ชั่วโมง ตอบนักข่าวสั้นๆ ลั่นดำเนินคดีให้ถึงที่สุด ไปให้สุดซอย

ติดตามรายละเอียดในคอมเมนต์

#เจ๊อ้อย #ทนายตั้ม #ฉ้อโกง #ให้ปากคำ #โหนกระแส",2024-11-20T23:30:03.000Z,https://www.facebook.com/100063145307143/posts/932516735529828
khobsanung,"การดัดแปลงสู่คนแสดงที่จริงใจ กับโปสเตอร์แรกของ HowToTrainYourDragon เวอร์ชั่นคนแสดง

โดยตัวหนังกำหนดฉาย 13 มิ.ย. 2025

ลิงก์ตัวอย่างในเม้นท์",2024-11-20T02:59:52.000Z,https://www.facebook.com/100064520479802/posts/976963811130959
DramaAdd,มุงแป้บ เรื่องแอมไซยาไนด,2024-11-21T05:34:40.000Z,https://www.facebook.com/100044828388736/posts/1097180495119553
DramaAdd,ร่วมกันทำอนาจาร,2024-11-21T04:59:53.000Z,https://www.facebook.com/100044828388736/posts/1097166645120938
DramaAdd,อุ้ววว บันเทิงงงงง,2024-11-21T04:54:42.000Z,https://www.facebook.com/100044828388736/posts/1097164321787837
ejan2016,"มั่นใจ! “นายกฯ อุ๊งอิ๊ง” ลั่นรัฐบาลอยู่ครบเทอม ชี้การเมืองมีเสถียรภาพ หนุนเชื่อมั่นนักลงทุนพุ่ง พร้อมนัด 12 ธ.ค.นี้ มีเซอร์ไพรส์ขวัญปีใหม่

อ่านข่าวต่อ https://www.ejan.co/politics/1ka6x7ql5141",2024-11-21T07:49:43.000Z,https://www.facebook.com/100081883222566/posts/565936379479131
ejan2016,โห! ปังมาก คุณยาย Google มาแชร์ทริคง่ายๆ ที่ทำแล้ว ชีวิตดีขึ้นเยอะ มีอะไรน่าสนใจบ้าง ไปดู,2024-11-21T07:30:17.000Z,https://www.facebook.com/100081883222566/posts/565800859492683
ejan2016,ป.ป.ท. ร่วมกับ บก.ปปป. จับกุมนายก อบต.สำนักทอง จ.ระยอง เรียกรับเงิน จากผู้ประกอบการก่อสร้างถนน 1 แสนบาท อ่านข่าวต่อ 👉🏻 https://www.ejan.co/news/1shkbqovqbu8,2024-11-21T07:27:46.000Z,https://www.facebook.com/100081883222566/posts/565927082813394
newsth.18,"นิติน ชาฮาน นักแสดงอินเดีย จบชีวิตตัวเอง หลังเครียดไร้งานมาเป็นปี
อ่านต่อใต้คอมเมนต์
#ข่าวบันเทิง #เรื่องลับดารา #เรื่องเล่าข่าวข้น #ไลฟ์สไตล์ดารา #แอนภัททิรา #ข่าวดารา",2024-11-11T09:31:30.000Z,https://www.facebook.com/100063738901281/posts/1135933648541255
newsth.18,"ฟางเส้นสุดท้าย ‘กุ้งพลอย’ ฟ้องอดีตสามี ‘หนุ่ม ศรราม’ อดทนจนเหลืออดแล้ว
อ่านต่อใต้คอมเมนต์
#ข่าวบันเทิง #เรื่องลับดารา #เรื่องเล่าข่าวข้น #ไลฟ์สไตล์ดารา #แอนภัททิรา #ข่าวดารา",2024-11-11T08:20:42.000Z,https://www.facebook.com/100063738901281/posts/1135888091879144
newsth.18,"เปิด อาชีพใหม่ ‘จอย ศิริลักษณ์’ อายุ 46 ปีเป็นนาง เอกไม่ได้แล้ว
อ่านต่อใต้คอมเมนต์
#ข่าวบันเทิง #เรื่องลับดารา #เรื่องเล่าข่าวข้น #ไลฟ์สไตล์ดารา #แอนภัททิรา #ข่าวดารา",2024-11-11T03:09:58.000Z,https://www.facebook.com/100063738901281/posts/1135714185229868
DramaAdd,“รอเล่นมากที่สุด” ถถถถถถถ,2024-11-21T04:34:49.000Z,https://www.facebook.com/100044828388736/posts/1097153658455570
DramaAdd,"ฉันบวบอีกแล้ว

https://m.facebook.com/story.php?story_fbid=1050353917134958&id=100064810775743",2024-11-21T04:33:22.000Z,https://www.facebook.com/100044828388736/posts/1097152661789003
DramaAdd,"โดยมีสาระสำคัญ คือ กองบังคับการปกครองได้มีการรวบรวมพยานหลักฐานแวดล้อม ตรวจสอบกล้องวงจรปิด และเรียกผู้มีส่วนเกี่ยวข้องให้ปากคำในทันที, คณะนิติศาสตร์ ต้นสังกัดของข้าราชการตำรวจผู้ถูกกล่าวหา ได้ตั้งคณะกรรมการตรวจสอบข้อเท็จจริง ขณะนี้อยู่ระหว่างดำเนินการรวบรวมรายละเอียดที่เกี่ยวข้อง เมื่อได้ข้อสรุปจะทำการชี้แจงให้ทราบโดยเร็ว,คณะนิติศาสตร์ได้แจ้งให้ผู้ถูกกล่าวหาหยุดปฏิบัติหน้าที่การสอน และเสนอให้พิจารณาถอดถอนรายชื่อผู้ถูกกล่าวหาออกจากการเป็นอาจาจารย์ผู้สอนในทุกรายวิชา และโรงเรียนนายร้อยตำรวจได้ประสานส่งข้อมูลให้กองบัญชาการตำรวจนครบาลซึ่งเป็นผู้บังคับบัญชาต้นสังกัดของผู้ถูกกล่าวหาอีก 1 ราย เพื่อทราบ และดำเนินการในส่วนที่เกี่ยวข้องต่อไป

https://m.facebook.com/story.php?story_fbid=1050367013800315&id=100064810775743",2024-11-21T03:16:45.000Z,https://www.facebook.com/100044828388736/posts/1097120445125558
ejan2016,"คิดยังไงกับการใส่ “ชุดนอน” ออกนอกบ้านคะ? 
“จ๊ะ นงผณี” ตอบดราม่า “ชุดนอนควรใส่เฉพาะตอนอยู่บนที่นอน” หลังเจ้าตัวใส่ชุดนอนไปกินข้าวร้านริมทาง อ่านข่าวต่อ: https://www.ejan.co/social-trend/6o5h2rwh7uym  

*********************************

 1 นาทีอินสติ ชีวิตดีขึ้นแน่นอน!
HIV Self Test ชุดตรวจเอชไอวีด้วยตนเอง

สอบถามเพิ่มเติม
Website : https://thailandhivtest.com
Line@ : https://page.line.me/insti 
Shopee : https://shope.ee/6UubY0pVH1 
Lazada : https://s.lazada.co.th/s.9ICPz",2024-11-21T07:17:00.000Z,https://www.facebook.com/100081883222566/posts/565922346147201
ejan2016,"ปีใหม่นี้ มีที่เที่ยวรึยัง?
ใกล้วันหยุดยาวที่ทุกคนรอคอย ใครยังไม่ได้เตรียมทริปไปพักผ่อน มาฟังทางนี้ AirAsia MOVE เขาทำโปรเด็ดๆ SNAP! เปิดตัว WEDNESDEALS หรือ พุธสุดคุ้ม แคมเปญแฟลชเซลส์ลดราคาประจำสัปดาห์เพียง 24 ชั่วโมง ที่มาพร้อมข้อเสนอแพ็กเกจเที่ยวบิน+โรงแรมสุดพิเศษ โค้ดลดราคาหนักๆ และเกมส์ง่ายๆแต่ได้ส่วนลดจุกๆ ให้การเที่ยวปีใหม่คุ้มสะใจมากที่สุด

อ่านต่อ https://www.ejan.co/news/4fgx9may14et",2024-11-21T07:00:07.000Z,https://www.facebook.com/100081883222566/posts/565915369481232
ejan2016,"พ่อของหนุ่มหึงโหด!
อุ้มแฟนเก่ามัดมือเท้า เผย
ฝ่ายหญิงเตรียมถอนแจ้งความ เพราะสงสารลูก 2 ขวบ",2024-11-21T06:42:35.000Z,https://www.facebook.com/100081883222566/posts/565908022815300
HKS2017,"‘ทนายพัช’ เตรียมสู้ต่อในชั้นอุทธรณ์ ยืนยันไม่ได้ช่วยปกปิดพยานหลักฐาน

อ่านต่อ : https://www.honekrasae.com/content/4OtzuLcbByFJXumcXeSA?force=1

#ทนายพัช #แอม #โหนกระแส",2024-11-20T23:00:08.000Z,https://www.facebook.com/100063145307143/posts/932505512197617
HKS2017,"พฐ. เร่งขุดศพในสำนักสงฆ์สอนหูทิพย์ตาทิพย์ พบหลุมศพแล้วกว่า 10 หลุม 

#หูทิพย์ตาทิพย์ #สำนักสงฆ์ 
#โหนกระแส",2024-11-20T22:30:03.000Z,https://www.facebook.com/100063145307143/posts/932494062198762
HKS2017,"ศาลพิพากษา ประหารชีวิต “แอม” ส่วนทนายความรับโทษจำคุก 2 ปี ไม่รอลงอาญา

อ่านต่อ : https://www.honekrasae.com/content/dPrINFZEkT3hJKmJJwzu?force=1

#แอม #ทนายพัช #โหนกระแส",2024-11-20T22:00:05.000Z,https://www.facebook.com/100063145307143/posts/932481138866721
newsth.18,"คนนี้ไงครองสมบัติ 'ศิระฉายา' เต็มๆ
ส่องภาพ 'น้องมีตังค์' ลูกอีกคน 'อีฟ พุทธิดา' หน้าตาคล้ายปู่เสียดาย  'อาต้อย' ไม่ทันได้เห็น
อ่านต่อใต้คอมเมนต์
#ข่าวบันเทิง #เรื่องลับดารา #เรื่องเล่าข่าวข้น #ไลฟ์สไตล์ดารา #แอนภัททิรา #ข่าวดารา",2024-11-10T12:35:17.000Z,https://www.facebook.com/100063738901281/posts/1135233308611289
ejan2016,สด🔴ปิดอบรม ผู้ขับรถโดยสาร ถอดบทเรียน ป้องกันซ้ำรอย บัสมรณะ,2024-11-21T06:19:53.000Z,https://www.facebook.com/100081883222566/posts/1097186085114426
DramaAdd,ข่าวฝากประชาสัมพันธ์ ใครสนใจรับน้องไปเลี้ยงลองติดต่อ จขพ นะครับ,2024-11-20T16:26:48.000Z,https://www.facebook.com/100044828388736/posts/1096844155153187
DramaAdd,เชี่ยยยย น่ากลัวสั้ส,2024-11-20T16:22:38.000Z,https://www.facebook.com/100044828388736/posts/1096842058486730
DramaAdd,"ตำรวจสอบตั้งห้ารอบ เพราะรายละเอียดของคดีเยอะมาก
และหลายคดีมาก ยิ่งเปิดยิ่งโผล่มาเรื่อยๆ
และมาดามอ้อยยืนยัน สุดซอยแน่นอน",2024-11-20T16:20:56.000Z,https://www.facebook.com/100044828388736/posts/1096841091820160
HKS2017,"ผบ.ตร. สั่งสอบอาจารย์ ล่วงละเมิดนักเรียนนายร้อย หากพบผิดจริง ดำเนินการเด็ดขาด

อ่านต่อ : https://www.honekrasae.com/content/7gBXMKUevgV2xd1n4p68?force=1

#นักเรียนนายร้อยตำรวจ #โหนกระแส",2024-11-20T21:30:03.000Z,https://www.facebook.com/100063145307143/posts/932469175534584
DramaAdd,"ด่วน! ปปง. เปิดระบบคุ้มครองสิทธิฯ รายคดี บริษัท ดิไอคอนกรุ๊ป จำกัด กับพวก ให้ผู้เสียหายยื่นคำร้องฯ 20 พ.ย. 2567 – 17 ก.พ. 2568 

https://www.amlo.go.th/index.php/th/news/detail/16684?fbclid=IwY2xjawGqyy9leHRuA2FlbQIxMAABHSBF_s_q513GoWye2QDWdEMrCQ87bLCuUKB1VW189D5z_me6usV8en1qBg_aem_zSkKL2xWNVgCZuX1Psir8Q",2024-11-20T14:02:14.000Z,https://www.facebook.com/100044828388736/posts/1096764811827788
